CustomerID,Recency,Frequency,Monetary,Cluster
12347.0,2,7,1146.59,0
12348.0,75,4,550.92,0
12349.0,18,1,406.32,0
12350.0,310,1,45.6,1
12352.0,36,6,663.33,0
12353.0,204,1,11.6,1
12354.0,232,1,181.57999999999998,1
12355.0,214,1,68.7,1
12356.0,245,2,285.0,1
12357.0,33,1,1174.51,0
12358.0,1,2,403.92,0
12359.0,57,4,869.63,0
12360.0,52,3,576.18,0
12361.0,287,1,16.5,1
12362.0,3,10,1053.38,0
12363.0,109,2,162.6,0
12364.0,7,3,195.6,0
12365.0,291,1,71.99000000000001,1
12367.0,4,1,33.599999999999994,0
12370.0,51,4,694.79,0
12371.0,59,1,245.7,0
12372.0,71,3,380.48,0
12373.0,311,1,104.5,1
12374.0,25,1,189.15,0
12375.0,10,2,131.70000000000002,0
12377.0,315,2,328.32,1
12378.0,129,1,858.4399999999999,0
12379.0,81,2,198.49999999999997,0
12380.0,21,4,235.75,0
12381.0,58,2,170.39,0
12383.0,184,5,400.9,1
12384.0,28,2,77.55000000000001,0
12386.0,366,1,30.0,1
12388.0,15,6,595.5,0
12390.0,79,1,70.5,0
12391.0,21,1,99.69,0
12393.0,72,3,381.25,0
12394.0,217,1,56.3,1
12395.0,19,10,844.27,0
12397.0,35,2,448.78,0
12398.0,45,1,335.4,0
12399.0,119,3,140.34,0
12401.0,303,1,17.85,1
12403.0,49,1,285.0,0
12405.0,148,1,472.03000000000003,1
12406.0,22,2,515.49,0
12407.0,49,5,205.5,0
12408.0,32,4,581.73,0
12409.0,78,2,2237.64,0
12410.0,308,2,155.1,1
12412.0,74,3,302.21000000000004,0
12413.0,66,3,221.8,0
12414.0,217,3,195.35,1
12415.0,24,13,22262.989999999998,2
12417.0,3,9,863.94,0
12418.0,112,1,84.48,0
12420.0,63,1,180.04,0
12421.0,15,4,280.95,0
12422.0,95,3,144.75,0
12423.0,0,7,364.11,0
12424.0,162,2,321.45000000000005,1
12425.0,78,1,96.36,0
12426.0,194,1,78.78,1
12427.0,21,3,165.6,0
12428.0,25,7,1939.74,0
12429.0,9,4,553.1,0
12430.0,43,1,64.80000000000001,0
12431.0,60,13,1133.43,0
12432.0,42,4,892.24,0
12433.0,0,6,2679.64,0
12434.0,84,2,91.49,0
12435.0,79,2,724.4,0
12436.0,99,1,52.800000000000004,0
12437.0,1,17,818.17,0
12438.0,14,2,706.57,0
12441.0,366,1,28.200000000000003,1
12442.0,3,1,84.72,0
12444.0,21,5,1006.89,0
12445.0,22,1,56.0,0
12446.0,57,1,230.85,0
12447.0,243,1,45.6,1
12448.0,44,1,28.93,0
12449.0,22,4,535.6,0
12450.0,173,1,20.159999999999997,1
12451.0,10,5,1636.51,0
12452.0,16,1,69.55000000000001,0
12453.0,134,1,219.45,0
12454.0,56,1,350.4,0
12455.0,73,6,592.9,0
12456.0,44,3,509.41,0
12457.0,86,2,245.79,0
12458.0,71,2,161.46,0
12461.0,154,1,52.89,1
12462.0,18,2,134.57,0
12463.0,53,4,305.54,0
12464.0,10,4,226.9,0
12465.0,17,2,131.1,0
12468.0,187,2,162.3,1
12471.0,2,21,3813.16,0
12472.0,32,7,1397.99,0
12473.0,53,3,684.76,0
12474.0,17,15,1377.26,0
12475.0,53,1,120.4,0
12476.0,15,10,1253.83,0
12477.0,22,6,3413.01,0
12478.0,3,1,130.88,0
12479.0,11,1,110.54,0
12480.0,28,4,594.02,0
12481.0,22,10,1058.67,0
12483.0,17,7,597.95,0
12484.0,35,4,902.7,0
12488.0,9,3,210.78,0
12489.0,336,1,15.9,1
12490.0,5,10,1254.54,0
12491.0,38,1,74.5,0
12492.0,63,2,79.24000000000001,0
12493.0,165,2,88.3,1
12494.0,15,6,140.39000000000001,0
12497.0,81,1,292.5,0
12498.0,21,2,68.85,0
12500.0,23,8,763.2299999999999,0
12501.0,336,1,541.96,1
12502.0,95,5,791.55,0
12504.0,18,1,12.75,0
12506.0,232,1,28.35,1
12507.0,134,1,225.28,0
12508.0,26,2,62.269999999999996,0
12509.0,284,1,67.5,1
12510.0,142,2,315.79999999999995,1
12512.0,66,1,21.6,0
12513.0,112,1,133.5,0
12514.0,267,1,265.28,1
12515.0,353,1,76.05,1
12516.0,77,2,424.18,0
12517.0,28,5,595.24,0
12518.0,0,5,370.76,0
12519.0,63,1,45.5,0
12520.0,79,5,673.33,0
12521.0,142,1,135.3,1
12522.0,51,1,17.700000000000003,0
12523.0,19,8,284.16,0
12524.0,63,7,1141.65,0
12526.0,0,3,168.45000000000002,0
12527.0,81,3,83.34,0
12528.0,63,5,269.65000000000003,0
12530.0,59,4,360.09,0
12531.0,14,1,31.4,0
12532.0,30,1,110.88,0
12534.0,130,1,274.5,0
12535.0,91,2,111.75,0
12536.0,59,1,730.29,0
12538.0,29,1,55.650000000000006,0
12539.0,22,4,1027.6299999999999,0
12540.0,19,17,2712.07,0
12541.0,29,3,299.57,0
12544.0,36,1,53.42,0
12545.0,75,2,204.25,0
12546.0,46,2,142.8,0
12547.0,197,2,48.4,1
12548.0,166,1,17.4,1
12550.0,79,1,217.68,0
12551.0,357,1,12.5,1
12552.0,39,1,71.47,0
12553.0,8,9,675.69,0
12556.0,50,2,110.41,0
12557.0,158,2,1446.68,1
12558.0,7,1,5.04,0
12559.0,319,1,81.1,1
12560.0,5,2,299.54,0
12561.0,302,1,64.65,1
12562.0,8,7,870.9300000000001,0
12564.0,261,1,39.6,1
12565.0,288,1,30.779999999999998,1
12567.0,22,10,1827.3,0
12569.0,2,21,813.05,0
12571.0,39,2,82.7,0
12572.0,8,2,151.5,0
12573.0,227,1,40.7,1
12574.0,315,1,15.0,1
12576.0,35,5,218.26,0
12577.0,35,3,137.92,0
12578.0,21,2,423.23,0
12579.0,78,1,125.65,0
12580.0,246,1,89.8,1
12581.0,39,1,9.959999999999999,0
12582.0,238,2,111.06,1
12583.0,2,15,1561.82,0
12584.0,3,7,424.0,0
12585.0,234,2,285.36,1
12586.0,17,1,48.050000000000004,0
12587.0,7,1,20.8,0
12588.0,39,1,17.0,0
12589.0,28,2,153.42,0
12590.0,211,1,1816.6,1
12591.0,317,1,188.0,1
12592.0,213,1,66.0,1
12593.0,129,2,122.39999999999999,0
12594.0,46,7,963.19,0
12596.0,51,1,52.74,0
12597.0,19,4,674.61,0
12598.0,9,7,680.5,0
12599.0,29,3,179.88,0
12600.0,84,6,300.44,0
12601.0,189,4,78.15,1
12603.0,21,1,126.0,0
12604.0,79,2,54.6,0
12607.0,60,1,343.88,0
12609.0,78,3,174.18,0
12610.0,22,4,387.9,0
12611.0,52,1,258.75,0
12612.0,74,1,228.75,0
12613.0,57,4,647.8100000000001,0
12614.0,277,1,54.15,1
12615.0,2,4,334.57,0
12616.0,95,2,201.1,0
12617.0,29,1,23.709999999999997,0
12618.0,21,1,50.5,0
12619.0,16,7,462.21999999999997,0
12620.0,14,3,316.33,0
12621.0,1,20,2579.39,0
12622.0,232,1,45.300000000000004,1
12623.0,276,1,46.5,1
12624.0,106,2,147.8,0
12625.0,211,2,857.12,1
12626.0,23,8,1342.45,0
12627.0,10,6,849.09,0
12628.0,4,3,164.29,0
12630.0,9,2,483.79,0
12631.0,57,1,358.94,0
12633.0,58,4,247.06,0
12635.0,89,2,276.36,0
12637.0,67,8,1446.48,0
12638.0,33,1,151.74,0
12639.0,238,1,73.5,1
12640.0,23,2,210.76000000000002,0
12642.0,25,3,195.68,0
12643.0,128,3,1174.1999999999998,0
12644.0,129,1,49.09,0
12645.0,33,4,359.86,0
12646.0,4,2,247.64000000000001,0
12647.0,89,9,721.01,0
12648.0,154,1,38.150000000000006,1
12649.0,107,2,104.03999999999999,0
12650.0,3,1,4.68,0
12651.0,334,1,27.450000000000003,1
12652.0,331,1,94.59,1
12653.0,148,2,513.75,1
12654.0,10,5,184.35,0
12656.0,17,5,607.85,0
12657.0,11,3,417.17,0
12658.0,18,1,81.89999999999999,0
12660.0,11,1,43.050000000000004,0
12662.0,0,10,605.82,0
12664.0,16,4,741.0,0
12667.0,58,1,99.02,0
12668.0,11,4,699.04,0
12669.0,150,2,246.54,1
12670.0,10,5,796.42,0
12672.0,329,1,27.599999999999998,1
12673.0,326,1,54.3,1
12674.0,38,4,435.3,0
12676.0,24,5,234.34,0
12678.0,42,8,3583.24,0
12679.0,283,1,150.14,1
12680.0,0,3,189.32999999999998,0
12681.0,14,21,2562.44,0
12682.0,3,28,2278.1,0
12683.0,4,13,1813.78,0
12684.0,24,5,426.16,0
12685.0,28,6,639.27,0
12686.0,371,1,17.4,1
12688.0,113,1,946.42,0
12689.0,25,2,294.8,0
12690.0,205,1,156.65,1
12691.0,58,2,81.8,0
12693.0,127,4,266.3,0
12694.0,70,2,116.8,0
12695.0,7,3,157.55,0
12697.0,28,3,217.1,0
12700.0,7,4,733.73,0
12701.0,79,2,141.03,0
12702.0,19,1,59.900000000000006,0
12703.0,71,1,74.0,0
12704.0,7,7,327.25,0
12705.0,15,8,1341.84,0
12707.0,291,1,126.54,1
12708.0,29,10,444.23,0
12709.0,15,13,1869.29,0
12710.0,96,3,196.56,0
12712.0,28,12,880.0,0
12713.0,0,1,182.56,0
12714.0,9,5,1195.83,0
12715.0,106,1,27.0,0
12716.0,3,2,223.72,0
12717.0,151,2,167.5,1
12718.0,71,1,14.399999999999999,0
12719.0,5,2,140.45,0
12720.0,2,22,1047.95,0
12721.0,31,6,461.05,0
12722.0,85,4,249.72,0
12723.0,3,4,182.17,0
12724.0,5,3,154.3,0
12725.0,371,1,76.5,1
12726.0,28,7,481.68,0
12727.0,10,6,1191.55,0
12728.0,71,4,130.79,0
12729.0,113,1,116.08,0
12731.0,23,11,2649.6,0
12732.0,179,1,24.500000000000004,1
12733.0,234,1,191.65,1
12734.0,352,1,16.8,1
12735.0,315,2,109.4,1
12736.0,332,1,140.4,1
12738.0,372,1,43.55,1
12739.0,99,1,232.62,0
12740.0,63,1,36.4,0
12743.0,134,2,108.67,0
12744.0,56,5,1649.76,0
12747.0,2,8,832.35,0
12748.0,0,157,6142.69,2
12749.0,3,4,941.84,0
12750.0,128,1,43.5,0
12752.0,81,1,894.24,0
12753.0,22,5,5605.96,0
12754.0,235,3,397.55999999999995,1
12757.0,15,8,999.73,0
12758.0,116,2,556.9200000000001,0
12759.0,52,3,287.95,0
12762.0,7,2,318.72,0
12763.0,369,1,90.66,1
12764.0,316,1,72.60000000000001,1
12766.0,3,7,1592.42,0
12769.0,238,1,191.85,1
12770.0,210,1,583.74,1
12772.0,59,1,162.49,0
12775.0,17,5,300.94,0
12778.0,19,4,120.63,0
12779.0,37,7,803.62,0
12781.0,63,2,316.74,0
12782.0,4,5,250.55,0
12783.0,2,5,678.9,0
12784.0,15,1,38.75,0
12785.0,364,1,19.799999999999997,1
12787.0,91,2,52.400000000000006,0
12790.0,192,1,95.36,1
12792.0,256,1,122.63999999999999,1
12793.0,334,2,48.95,1
12794.0,53,1,92.72,0
12795.0,18,1,163.18,0
12802.0,186,1,91.08,1
12808.0,36,3,107.2,0
12809.0,177,1,85.2,1
12811.0,261,2,182.3,1
12812.0,44,1,79.30000000000001,0
12815.0,147,2,179.9,1
12816.0,95,2,85.6,0
12817.0,281,1,40.0,1
12818.0,261,1,480.0,1
12820.0,3,4,171.07,0
12821.0,214,1,30.12,1
12822.0,70,2,242.65,0
12823.0,74,3,1071.0,0
12824.0,59,1,17.700000000000003,0
12826.0,2,6,280.36,0
12827.0,5,2,82.45,0
12828.0,2,6,314.7,0
12829.0,336,2,43.45,1
12830.0,37,4,1513.36,0
12831.0,262,1,25.5,1
12832.0,98,1,66.0,0
12833.0,145,1,96.69,1
12834.0,282,1,46.8,1
12836.0,59,4,632.36,0
12837.0,173,1,38.7,1
12838.0,33,2,91.29,0
12839.0,2,13,1199.9,0
12840.0,143,4,623.1,0
12841.0,4,24,791.28,0
12842.0,70,2,340.68,0
12843.0,159,6,413.89,1
12844.0,29,2,65.85,0
12845.0,290,1,9.75,1
12847.0,22,1,248.48,0
12849.0,31,2,128.89,0
12851.0,96,1,19.99,0
12852.0,294,1,48.60000000000001,1
12853.0,134,5,257.2,0
12854.0,78,3,383.7,0
12855.0,372,1,27.900000000000002,1
12856.0,7,6,544.84,0
12857.0,210,2,161.95,1
12865.0,26,2,310.71,0
12866.0,283,1,83.35,1
12867.0,26,7,880.66,0
12868.0,185,6,368.09000000000003,1
12872.0,326,2,152.5,1
12873.0,282,1,102.0,1
12876.0,57,2,418.44,0
12877.0,3,8,242.62,0
12878.0,236,2,128.8,1
12879.0,91,1,70.80000000000001,0
12881.0,275,1,268.3,1
12882.0,9,2,283.2,0
12883.0,24,3,90.7,0
12885.0,63,2,242.69,0
12886.0,67,2,154.5,0
12890.0,24,1,19.51,0
12893.0,30,1,21.82,0
12895.0,42,2,34.2,0
12897.0,204,1,58.0,1
12901.0,10,15,4772.5,0
12902.0,264,1,49.7,1
12904.0,18,2,83.41,0
12906.0,11,4,1002.1,0
12909.0,87,4,310.95,0
12910.0,64,6,566.46,0
12912.0,2,5,540.12,0
12913.0,4,3,402.3,0
12915.0,372,1,40.55,1
12916.0,138,4,253.4,0
12917.0,128,1,297.0,0
12919.0,8,5,390.76,0
12920.0,17,1,43.400000000000006,0
12921.0,9,33,2928.25,0
12922.0,161,1,50.7,1
12923.0,64,1,53.18,0
12924.0,88,2,5.4,0
12925.0,4,2,175.1,0
12928.0,35,5,279.48,0
12929.0,311,1,20.4,1
12930.0,78,2,79.03,0
12931.0,21,5,9344.82,0
12933.0,24,2,125.67,0
12935.0,2,6,612.45,0
12936.0,17,3,189.68,0
12937.0,15,4,250.88,0
12938.0,25,1,33.48,0
12939.0,64,5,2300.2799999999997,0
12940.0,54,2,176.25,0
12942.0,131,3,171.84,0
12944.0,35,1,94.3,0
12945.0,288,1,56.85,1
12947.0,143,5,267.27,0
12948.0,16,7,463.39,0
12949.0,30,6,893.6800000000001,0
12950.0,2,3,794.6,0
12951.0,8,6,289.8,0
12952.0,5,4,380.85,0
12955.0,1,9,814.86,0
12956.0,306,1,30.47,1
12957.0,9,7,753.6,0
12962.0,7,2,60.79,0
12963.0,8,6,412.21000000000004,0
12965.0,89,1,198.10999999999999,0
12967.0,358,2,324.9,1
12968.0,112,1,71.14999999999999,0
12970.0,7,3,70.8,0
12971.0,3,34,1856.2,0
12974.0,197,1,15.9,1
12976.0,211,1,369.2,1
12977.0,156,1,0.78,1
12980.0,176,3,1289.1,1
12981.0,29,1,76.38,0
12982.0,242,1,102.0,1
12985.0,0,2,226.28,0
12987.0,73,2,113.9,0
12988.0,292,1,144.55,1
12989.0,8,9,1819.73,0
12990.0,31,2,62.400000000000006,0
12991.0,23,2,121.44,0
12993.0,120,3,52.75,0
12994.0,4,3,190.29,0
12997.0,22,4,416.15999999999997,0
12999.0,196,2,116.94,1
13000.0,259,2,118.92,1
13001.0,4,13,2404.3900000000003,0
13002.0,318,1,50.099999999999994,1
13004.0,11,17,946.3,0
13005.0,173,2,102.1,1
13006.0,56,1,11.52,0
13008.0,323,1,102.44999999999999,1
13012.0,9,6,267.42,0
13013.0,1,12,967.6400000000001,0
13014.0,10,10,584.6,0
13015.0,53,5,659.91,0
13016.0,73,3,180.9,0
13017.0,7,1,204.0,0
13018.0,16,26,1605.68,0
13021.0,4,7,642.29,0
13023.0,64,2,247.35000000000002,0
13026.0,1,2,163.56,0
13027.0,354,1,864.0,1
13028.0,22,2,72.24000000000001,0
13029.0,138,2,399.0,0
13030.0,11,2,109.57000000000001,0
13032.0,52,2,238.94,0
13033.0,357,1,28.200000000000003,1
13034.0,54,1,65.10000000000001,0
13035.0,73,2,198.0,0
13037.0,138,3,287.4,0
13038.0,183,2,167.4,1
13040.0,33,1,44.78,0
13043.0,273,1,263.6,1
13044.0,291,1,65.78,1
13045.0,99,1,102.9,0
13046.0,30,2,241.43,0
13047.0,56,8,616.9,0
13048.0,14,4,514.1700000000001,0
13049.0,64,2,273.78000000000003,0
13050.0,14,17,1488.57,0
13052.0,212,1,131.4,1
13055.0,78,3,206.14999999999998,0
13058.0,24,2,156.45,0
13059.0,249,1,44.35,1
13060.0,253,1,50.400000000000006,1
13061.0,72,1,111.75,0
13064.0,12,3,107.82000000000001,0
13065.0,373,1,68.1,1
13066.0,24,2,85.65,0
13067.0,82,1,9.530000000000001,0
13068.0,10,2,344.0,0
13069.0,0,20,986.11,0
13070.0,192,1,62.400000000000006,1
13072.0,266,1,50.25000000000001,1
13075.0,129,1,94.19999999999999,0
13077.0,1,4,101.56,0
13078.0,3,25,2838.52,0
13080.0,179,1,3.3600000000000003,1
13081.0,11,9,5727.32,0
13082.0,126,8,453.3,0
13083.0,75,1,53.8,0
13085.0,157,2,58.2,1
13089.0,4,77,11946.460000000001,2
13090.0,19,10,2542.84,0
13091.0,28,1,85.49999999999999,0
13092.0,70,4,116.95,0
13093.0,275,8,1031.26,1
13094.0,80,4,434.70000000000005,0
13097.0,32,10,1261.58,0
13098.0,1,27,5599.82,0
13101.0,234,1,28.69,1
13102.0,1,21,1351.68,0
13103.0,39,1,58.199999999999996,0
13104.0,85,1,43.68,0
13107.0,85,3,225.28,0
13108.0,372,1,55.199999999999996,1
13109.0,59,2,109.05000000000001,0
13110.0,31,6,352.45,0
13113.0,0,21,5077.25,0
13115.0,11,3,432.66,0
13116.0,138,1,67.34,1
13117.0,21,6,188.1,0
13118.0,19,4,222.63000000000002,0
13121.0,269,1,42.57,1
13122.0,240,1,213.35999999999999,1
13124.0,89,3,576.4,0
13126.0,4,7,570.18,0
13127.0,77,1,25.200000000000003,0
13131.0,23,3,256.7,0
13133.0,273,1,19.9,1
13134.0,85,3,405.62,0
13136.0,56,4,439.74,0
13137.0,10,8,503.44,0
13138.0,46,4,118.5,0
13139.0,16,7,1069.32,0
13140.0,108,3,59.16,0
13141.0,84,5,395.88,0
13142.0,19,1,72.4,0
13144.0,332,1,23.6,1
13145.0,91,1,15.0,0
13146.0,26,1,32.0,0
13147.0,10,1,237.60000000000002,0
13148.0,29,10,681.62,0
13149.0,14,4,521.7,0
13151.0,295,1,71.65,1
13153.0,5,1,49.440000000000005,0
13155.0,79,3,251.65,0
13157.0,49,4,403.64,0
13158.0,94,4,258.14,0
13159.0,8,4,343.48,0
13160.0,22,1,15.0,0
13161.0,313,1,10.9,1
13162.0,122,4,375.75,0
13165.0,46,2,52.32,0
13166.0,283,1,89.5,1
13167.0,18,4,139.67000000000002,0
13168.0,36,4,335.45,0
13169.0,63,2,187.8,0
13170.0,26,1,31.42,0
13171.0,21,3,96.5,0
13173.0,4,2,38.58,0
13174.0,16,3,590.97,0
13176.0,46,1,91.17,0
13177.0,64,1,42.6,0
13178.0,26,11,1286.94,0
13182.0,45,1,36.54,0
13183.0,7,8,916.09,0
13184.0,14,8,391.56,0
13186.0,39,3,339.22,0
13187.0,337,1,30.1,1
13189.0,18,2,59.04,0
13192.0,95,2,290.14,0
13193.0,61,1,20.35,0
13194.0,135,1,17.700000000000003,0
13196.0,11,3,369.82,0
13198.0,10,6,572.19,0
13199.0,3,18,1422.08,0
13200.0,21,3,97.69999999999999,0
13203.0,9,4,196.3,0
13207.0,15,2,55.32000000000001,0
13208.0,59,5,284.82,0
13209.0,30,7,928.28,0
13210.0,93,1,135.48000000000002,0
13211.0,95,2,313.65,0
13212.0,19,3,248.85,0
13213.0,56,4,277.58,0
13217.0,156,1,85.0,1
13220.0,78,3,279.25,0
13221.0,240,2,282.32,1
13224.0,60,2,445.35,0
13225.0,3,6,1321.12,0
13226.0,273,1,36.15,1
13227.0,201,1,100.19999999999999,1
13229.0,225,1,14.850000000000001,1
13230.0,4,13,647.32,0
13232.0,12,7,348.17,0
13233.0,74,2,151.0,0
13235.0,212,1,199.52,1
13236.0,24,2,105.82,0
13238.0,23,2,119.8,0
13239.0,261,1,51.62,1
13240.0,96,4,171.31,0
13242.0,112,2,104.0,0
13243.0,203,1,120.4,1
13244.0,92,1,17.59,0
13245.0,50,1,49.3,0
13246.0,18,6,473.89,0
13247.0,22,3,110.10000000000001,0
13248.0,124,2,126.30000000000001,0
13249.0,93,1,22.92,0
13253.0,156,1,276.6,1
13255.0,9,2,123.30000000000001,0
13258.0,11,3,130.79,0
13259.0,61,1,73.32000000000001,0
13260.0,61,1,219.0,0
13261.0,268,2,198.0,1
13263.0,1,33,1291.23,0
13265.0,53,5,319.64,0
13266.0,11,12,703.51,0
13267.0,2,14,843.58,0
13268.0,17,10,808.13,0
13269.0,1,14,1066.6000000000001,0
13271.0,37,1,35.18,0
13272.0,89,1,15.0,0
13273.0,113,1,15.239999999999998,0
13276.0,63,2,170.3,0
13277.0,15,3,107.5,0
13278.0,40,1,163.57,0
13279.0,78,1,24.659999999999997,0
13280.0,122,3,181.95000000000002,0
13282.0,18,3,152.4,0
13284.0,330,1,34.2,1
13285.0,23,4,593.36,0
13291.0,155,1,71.82,1
13292.0,38,2,144.47,0
13294.0,189,2,232.34,1
13295.0,359,1,25.200000000000003,1
13296.0,137,1,59.5,1
13297.0,23,2,262.95,0
13299.0,268,1,29.700000000000003,1
13300.0,169,1,96.8,1
13301.0,103,4,129.85,0
13302.0,155,1,63.75,1
13304.0,351,1,70.41,1
13305.0,4,8,458.55,0
13308.0,22,3,192.66,0
13309.0,7,4,201.91,0
13310.0,28,3,186.79000000000002,0
13311.0,150,1,90.16,1
13313.0,22,4,273.74,0
13314.0,1,3,123.06,0
13316.0,37,4,834.5200000000001,0
13317.0,66,6,445.94,0
13318.0,5,2,73.96,0
13319.0,5,21,1723.24,0
13320.0,78,4,382.67,0
13322.0,17,1,45.08,0
13323.0,8,3,81.35000000000001,0
13324.0,36,7,1188.6599999999999,0
13325.0,81,1,116.5,0
13327.0,38,8,564.78,0
13328.0,316,1,541.08,1
13329.0,31,2,187.5,0
13330.0,92,3,284.94,0
13332.0,14,1,116.65,0
13334.0,82,3,535.01,0
13336.0,77,1,112.24000000000001,0
13338.0,157,1,56.46,1
13339.0,200,1,161.91,1
13340.0,45,7,2016.44,0
13341.0,260,1,135.6,1
13343.0,177,1,132.28,1
13344.0,67,3,523.28,0
13345.0,287,1,27.6,1
13347.0,70,1,39.599999999999994,0
13348.0,64,1,99.9,0
13349.0,10,1,46.44,0
13350.0,16,2,119.85,0
13351.0,66,1,67.5,0
13352.0,60,1,112.32,0
13354.0,71,1,216.72,0
13355.0,122,1,121.0,0
13356.0,80,1,168.1,0
13357.0,257,1,103.74,1
13358.0,268,1,168.49,1
13359.0,63,1,163.82,0
13362.0,9,4,770.0500000000001,0
13363.0,17,2,232.57999999999998,0
13364.0,71,1,39.96,0
13365.0,33,2,523.32,0
13368.0,256,1,145.8,1
13369.0,365,1,15.0,1
13370.0,371,1,220.92000000000002,1
13372.0,89,1,74.92,0
13373.0,60,3,656.3100000000001,0
13375.0,88,1,221.18,0
13376.0,99,3,153.0,0
13379.0,26,3,94.0,0
13381.0,31,6,742.24,0
13382.0,280,1,59.42,1
13384.0,30,6,883.36,0
13385.0,329,1,101.65,1
13388.0,131,2,74.9,0
13389.0,11,3,124.39999999999999,0
13390.0,74,1,167.39999999999998,0
13394.0,1,8,293.43,0
13395.0,185,1,66.3,1
13396.0,29,2,462.24,0
13397.0,183,3,117.0,1
13398.0,192,1,79.96,1
13402.0,127,2,98.12,0
13403.0,17,1,75.0,0
13404.0,1,2,53.9,0
13405.0,74,3,145.581,0
13408.0,1,43,4745.39,0
13410.0,24,3,257.4,0
13411.0,107,1,87.45,0
13414.0,133,2,53.85,0
13416.0,81,1,34.0,0
13417.0,4,2,124.9,0
13418.0,11,15,1414.08,0
13419.0,63,1,24.839999999999996,0
13420.0,170,1,17.4,1
13421.0,40,2,324.02,0
13422.0,64,1,485.01,0
13425.0,108,3,284.55,0
13426.0,0,10,726.46,0
13427.0,19,3,213.34,0
13428.0,10,1,35.58,0
13429.0,10,4,281.0,0
13430.0,18,2,151.17,0
13431.0,67,2,287.62,0
13434.0,74,2,202.56000000000003,0
13435.0,5,6,554.78,0
13436.0,1,1,47.4,0
13437.0,14,7,651.9,0
13439.0,255,1,69.22,1
13441.0,91,1,81.12,0
13447.0,23,3,211.67000000000002,0
13448.0,16,5,716.5,0
13449.0,23,1,115.19,0
13450.0,26,5,277.08,0
13451.0,26,5,547.7,0
13453.0,165,2,74.9,1
13455.0,24,2,286.23,0
13456.0,17,5,203.55,0
13458.0,7,14,1806.8,0
13460.0,29,2,25.5,0
13461.0,38,3,412.4,0
13462.0,252,1,17.700000000000003,1
13464.0,58,1,90.7,0
13466.0,184,1,77.1,1
13467.0,10,2,269.32,0
13468.0,1,28,1024.26,0
13470.0,99,1,16.5,0
13471.0,5,3,505.14,0
13473.0,60,2,132.33,0
13474.0,236,1,34.43,1
13475.0,191,3,243.93,1
13476.0,178,2,238.79999999999998,1
13477.0,37,6,274.28,0
13479.0,200,2,69.35,1
13481.0,45,4,317.31,0
13482.0,232,1,52.4,1
13483.0,65,1,79.86,0
13484.0,241,1,15.9,1
13485.0,233,1,63.9,1
13486.0,78,3,310.52,0
13487.0,57,3,135.2,0
13488.0,17,13,1807.08,0
13489.0,289,2,197.88,1
13491.0,51,8,309.75,0
13492.0,136,3,346.24,0
13493.0,275,2,120.0,1
13494.0,311,1,78.9,1
13495.0,7,5,468.54,0
13496.0,10,2,156.10000000000002,0
13497.0,282,2,143.9,1
13499.0,17,5,369.17,0
13500.0,23,3,276.75,0
13501.0,288,1,283.95,1
13502.0,16,2,44.1,0
13503.0,71,1,59.2,0
13504.0,64,1,38.85,0
13505.0,72,4,717.68,0
13506.0,316,2,59.0,1
13507.0,3,4,453.32,0
13508.0,243,1,7.99,1
13509.0,8,5,188.24,0
13510.0,1,4,480.94,0
13512.0,260,1,28.05,1
13513.0,126,1,9.899999999999999,0
13515.0,72,4,135.08,0
13516.0,21,3,363.71,0
13517.0,59,3,492.14,0
13518.0,85,1,150.12,0
13519.0,78,1,43.7,0
13520.0,58,6,801.04,0
13521.0,1,3,238.38,0
13522.0,30,1,34.0,0
13523.0,33,5,862.01,0
13524.0,40,2,70.80000000000001,0
13525.0,14,2,464.0,0
13527.0,33,6,459.72,0
13529.0,78,2,104.9,0
13531.0,205,1,20.8,1
13532.0,33,1,48.27,0
13533.0,182,3,78.35,1
13534.0,2,20,1215.63,0
13536.0,1,7,728.47,0
13538.0,43,2,81.3,0
13539.0,85,3,84.75,0
13544.0,39,2,27.14,0
13546.0,12,3,121.52,0
13548.0,96,2,208.21,0
13549.0,25,6,240.15,0
13552.0,66,8,626.94,0
13555.0,73,4,915.29,0
13557.0,28,2,172.86,0
13558.0,5,4,116.79,0
13560.0,7,1,8.850000000000001,0
13561.0,215,1,10.61,1
13562.0,81,3,326.17,0
13563.0,84,2,166.48,0
13564.0,144,3,683.96,0
13565.0,19,2,10.690000000000001,0
13566.0,40,2,114.74000000000001,0
13568.0,173,1,35.85,1
13569.0,17,2,84.16,0
13570.0,243,1,57.4,1
13571.0,12,12,424.64,0
13572.0,205,1,229.90000000000003,1
13573.0,50,1,78.25,0
13575.0,58,4,111.51,0
13576.0,10,9,877.3900000000001,0
13577.0,25,4,349.7,0
13579.0,14,2,199.45,0
13581.0,309,1,13.25,1
13583.0,155,1,239.54000000000002,1
13584.0,306,1,45.35,1
13587.0,63,1,76.19999999999999,0
13588.0,15,8,618.56,0
13589.0,14,2,120.19999999999999,0
13590.0,51,5,437.86,0
13591.0,64,3,344.62,0
13592.0,205,3,90.86999999999999,1
13593.0,108,4,401.32,0
13594.0,52,1,20.28,0
13596.0,5,2,175.92,0
13598.0,47,1,23.96,0
13599.0,1,17,1109.88,0
13600.0,312,1,28.92,1
13601.0,45,2,156.15,0
13602.0,64,1,54.6,0
13603.0,26,1,38.24,0
13606.0,243,2,45.78,1
13607.0,40,1,144.27,0
13610.0,12,7,232.03,0
13611.0,89,3,184.51,0
13614.0,24,4,414.64,0
13615.0,318,1,81.93,1
13617.0,40,2,82.54,0
13618.0,173,1,30.1,1
13621.0,116,1,79.25,0
13623.0,30,5,125.96,0
13626.0,252,1,59.599999999999994,1
13627.0,59,5,349.55,0
13629.0,23,7,1763.85,0
13630.0,75,5,630.92,0
13631.0,99,2,719.7,0
13632.0,24,5,322.38,0
13634.0,33,5,363.47,0
13635.0,67,1,197.16,0
13636.0,36,5,217.15,0
13637.0,52,3,136.17,0
13638.0,15,1,25.5,0
13639.0,74,1,106.32,0
13642.0,215,1,57.67,1
13643.0,31,2,52.8,0
13644.0,16,4,604.58,0
13645.0,120,1,30.599999999999998,0
13647.0,9,4,236.86,0
13649.0,256,2,49.099999999999994,1
13650.0,16,5,367.46000000000004,0
13651.0,39,1,30.9,0
13652.0,45,3,105.22,0
13654.0,43,5,531.4399999999999,0
13655.0,114,2,118.09,0
13656.0,164,2,116.45,1
13657.0,10,2,110.94,0
13658.0,9,5,474.36,0
13659.0,205,2,412.32,1
13662.0,85,3,156.54,0
13663.0,179,1,43.2,1
13666.0,287,1,10.850000000000001,1
13667.0,149,1,36.03,1
13668.0,2,20,1088.8400000000001,0
13669.0,50,1,105.6,0
13670.0,75,1,40.08,0
13673.0,18,2,98.6,0
13675.0,151,2,112.0,1
13678.0,151,1,34.519999999999996,1
13680.0,1,4,619.0600000000001,0
13681.0,17,4,138.6,0
13682.0,187,1,34.0,1
13684.0,285,1,22.6,1
13685.0,2,5,1318.7500000000002,0
13686.0,182,1,17.0,1
13692.0,24,2,446.13,0
13694.0,3,33,10831.82,2
13695.0,31,13,802.5600000000001,0
13697.0,38,1,36.959999999999994,0
13699.0,155,1,65.4,1
13700.0,26,10,415.89000000000004,0
13704.0,5,8,571.59,0
13705.0,7,3,121.6,0
13706.0,302,1,45.9,1
13707.0,267,2,88.4,1
13708.0,271,1,70.46000000000001,1
13709.0,3,13,1517.79,0
13710.0,31,1,4.5600000000000005,0
13711.0,218,1,35.94,1
13712.0,246,1,15.0,1
13715.0,338,3,149.97,1
13716.0,269,1,18.36,1
13717.0,32,6,306.73,0
13718.0,246,2,106.35000000000001,1
13719.0,15,5,144.34,0
13720.0,116,3,131.54999999999998,0
13721.0,36,1,102.1,0
13722.0,131,3,529.1800000000001,0
13725.0,49,7,329.41,0
13726.0,38,2,39.36,0
13727.0,28,2,69.35,0
13728.0,36,6,235.01,0
13730.0,135,2,184.53,0
13731.0,219,2,158.62,1
13732.0,28,1,42.74,0
13735.0,24,4,548.6899999999999,0
13736.0,5,2,208.33,0
13737.0,200,1,25.74,1
13740.0,240,1,49.8,1
13741.0,71,3,111.11000000000001,0
13742.0,16,11,659.74,0
13743.0,2,4,203.88,0
13744.0,95,2,270.48,0
13745.0,162,1,37.08,1
13747.0,373,1,79.6,1
13748.0,95,3,139.57999999999998,0
13750.0,171,1,15.0,1
13751.0,288,1,53.300000000000004,1
13752.0,124,5,147.92,0
13753.0,287,1,170.7,1
13754.0,317,1,46.8,1
13755.0,3,7,465.07,0
13756.0,2,9,778.57,0
13758.0,11,7,993.64,0
13759.0,71,1,205.64000000000001,0
13760.0,54,2,91.37,0
13761.0,50,2,194.16,0
13762.0,218,1,30.0,1
13763.0,63,1,321.20000000000005,0
13764.0,70,3,302.61,0
13767.0,2,32,3541.63,0
13769.0,2,9,648.88,0
13771.0,64,3,526.75,0
13772.0,33,3,264.6,0
13774.0,81,1,26.400000000000002,0
13777.0,0,17,4231.32,0
13778.0,103,1,39.4,0
13780.0,7,2,147.22000000000003,0
13781.0,250,1,22.66,1
13782.0,12,6,145.86,0
13784.0,168,4,420.48,1
13786.0,367,1,93.0,1
13787.0,75,2,77.68,0
13790.0,4,1,38.28,0
13791.0,127,1,362.0,0
13792.0,66,1,20.4,0
13798.0,2,36,7950.56,0
13799.0,116,2,72.0,0
13800.0,309,1,95.34,1
13801.0,66,1,40.05,0
13802.0,138,3,1081.98,0
13803.0,255,1,64.55,1
13804.0,30,7,409.09,0
13805.0,52,2,337.04,0
13807.0,367,1,35.699999999999996,1
13808.0,5,4,317.82,0
13809.0,305,1,20.15,1
13810.0,28,2,129.3,0
13811.0,183,2,143.25,1
13812.0,64,2,99.13,0
13813.0,39,4,228.85,0
13814.0,92,2,378.68,0
13815.0,22,4,627.58,0
13816.0,23,2,189.01,0
13817.0,29,2,67.7,0
13819.0,301,2,36.5,1
13821.0,144,2,101.93,1
13822.0,5,2,124.11,0
13823.0,91,1,128.4,0
13824.0,135,4,519.26,0
13826.0,176,1,15.6,1
13827.0,57,3,88.53999999999999,0
13828.0,22,1,73.03,0
13831.0,16,4,524.42,0
13832.0,19,1,19.799999999999997,0
13833.0,159,1,80.6,1
13835.0,52,3,170.3,0
13837.0,211,1,47.88000000000001,1
13838.0,5,4,162.49,0
13842.0,58,9,554.1800000000001,0
13844.0,11,1,31.0,0
13845.0,64,1,72.9,0
13846.0,24,3,104.66,0
13849.0,51,2,316.86,0
13850.0,129,1,401.69,0
13851.0,95,3,311.22,0
13853.0,57,1,265.94,0
13854.0,8,19,2082.84,0
13856.0,183,1,8.5,1
13858.0,57,1,57.150000000000006,0
13859.0,326,1,67.93,1
13860.0,1,5,233.79000000000002,0
13862.0,18,8,493.92,0
13863.0,247,1,65.7,1
13865.0,58,2,108.0,0
13866.0,74,1,27.04,0
13867.0,31,3,155.06,0
13868.0,38,1,137.45,0
13869.0,123,4,555.74,0
13870.0,2,7,514.23,0
13871.0,22,12,1196.47,0
13873.0,119,3,73.7,0
13874.0,358,1,96.45,1
13875.0,53,5,296.82,0
13876.0,63,1,36.400000000000006,0
13877.0,86,1,30.240000000000002,0
13878.0,54,1,235.20000000000002,0
13880.0,21,12,736.73,0
13881.0,3,15,3649.9,0
13882.0,2,5,335.88,0
13883.0,10,5,595.31,0
13884.0,7,2,69.75,0
13885.0,189,2,59.55,1
13887.0,204,1,67.17,1
13888.0,119,2,124.25,0
13889.0,92,1,124.80000000000001,0
13890.0,1,9,413.73,0
13892.0,52,2,303.21999999999997,0
13893.0,297,1,49.1,1
13894.0,23,3,141.15,0
13895.0,28,4,454.14,0
13897.0,50,1,54.9,0
13898.0,325,1,29.85,1
13899.0,274,1,68.7,1
13900.0,183,3,119.47,1
13901.0,72,5,362.85,0
13904.0,294,1,10.2,1
13908.0,79,4,626.75,0
13911.0,57,8,610.45,0
13914.0,11,2,113.12,0
13917.0,49,1,49.160000000000004,0
13918.0,49,2,449.22,0
13919.0,59,2,80.76,0
13922.0,351,1,111.94999999999999,1
13923.0,53,1,67.89,0
13924.0,1,5,442.91,0
13925.0,92,3,144.07999999999998,0
13926.0,23,1,33.6,0
13927.0,74,1,78.65,0
13928.0,10,3,78.35000000000001,0
13929.0,169,1,92.7,1
13930.0,57,2,85.4,0
13931.0,95,2,173.79000000000002,0
13932.0,294,1,59.5,1
13933.0,109,2,128.79000000000002,0
13934.0,263,1,185.89999999999998,1
13936.0,179,1,99.22,1
13937.0,169,1,67.05,1
13938.0,35,1,13.28,0
13939.0,23,3,163.38,0
13940.0,17,3,150.36,0
13941.0,21,5,1282.04,0
13946.0,201,2,131.39999999999998,1
13947.0,65,1,39.599999999999994,0
13949.0,2,6,676.75,0
13950.0,11,3,102.36000000000001,0
13951.0,236,2,133.26,1
13952.0,217,2,622.5600000000001,1
13953.0,115,1,45.0,0
13954.0,1,2,140.57999999999998,0
13955.0,154,2,39.58,1
13956.0,5,5,197.1,0
13959.0,79,3,160.55,0
13962.0,21,1,15.600000000000001,0
13963.0,308,4,154.7,1
13969.0,7,18,1555.68,0
13971.0,18,8,521.66,0
13972.0,201,1,15.299999999999999,1
13973.0,287,1,48.95,1
13974.0,49,1,82.86,0
13975.0,31,6,473.08,0
13976.0,206,1,49.519999999999996,1
13978.0,45,1,25.47,0
13979.0,73,1,166.42,0
13980.0,60,1,25.0,0
13982.0,39,4,453.88,0
13983.0,39,7,410.12,0
13984.0,26,2,71.0,0
13985.0,4,15,1470.03,0
13986.0,17,1,26.85,0
13988.0,19,6,865.69,0
13989.0,65,2,151.55,0
13990.0,213,1,35.22,1
13991.0,12,5,172.04,0
13992.0,30,1,48.5,0
13993.0,42,8,331.87,0
13994.0,39,5,548.62,0
13995.0,56,4,265.09,0
13999.0,10,12,819.2,0
14000.0,211,1,126.36,1
14001.0,45,3,993.84,0
14002.0,134,2,151.87,0
14004.0,43,7,1150.56,0
14005.0,9,5,737.34,0
14006.0,115,3,142.32,0
14009.0,198,2,194.4,1
14012.0,277,1,58.4,1
14013.0,110,3,139.66,0
14014.0,77,1,144.9,0
14015.0,52,1,203.16,0
14016.0,161,4,615.4,1
14019.0,46,3,139.64999999999998,0
14020.0,16,2,155.54,0
14021.0,155,2,77.4,1
14022.0,225,1,101.1,1
14023.0,7,2,83.25000000000001,0
14024.0,121,2,41.2,0
14027.0,60,1,17.4,0
14029.0,63,2,69.0,0
14030.0,18,7,328.24,0
14031.0,7,15,3311.78,0
14032.0,16,9,409.15999999999997,0
14034.0,22,2,105.81,0
14035.0,28,3,164.41,0
14036.0,284,1,131.79000000000002,1
14037.0,364,1,22.65,1
14038.0,78,3,311.18,0
14039.0,33,1,86.1,0
14040.0,40,10,933.54,0
14041.0,266,1,49.92,1
14044.0,26,4,165.95,0
14046.0,284,1,95.17,1
14047.0,8,3,356.3,0
14048.0,305,1,97.35,1
14049.0,16,4,1024.48,0
14050.0,31,2,71.82,0
14051.0,0,21,3686.7400000000002,0
14052.0,19,1,25.2,0
14054.0,65,1,16.5,0
14055.0,106,1,574.5200000000001,0
14056.0,1,21,1526.53,0
14057.0,23,12,979.55,0
14059.0,266,1,39.599999999999994,1
14060.0,4,16,1101.18,0
14062.0,9,9,2131.34,0
14064.0,29,4,77.75999999999999,0
14066.0,266,1,15.299999999999999,1
14067.0,63,2,34.97,0
14068.0,320,1,18.7,1
14071.0,3,8,197.7,0
14073.0,32,1,18.7,0
14075.0,4,3,245.73999999999998,0
14076.0,129,1,19.32,0
14077.0,78,3,64.8,0
14078.0,101,6,197.33999999999997,0
14079.0,124,1,71.05,0
14081.0,302,2,190.41,1
14082.0,364,1,49.45,1
14083.0,4,7,180.81,0
14085.0,2,17,934.41,0
14087.0,2,1,27.85,0
14088.0,10,11,9425.74,0
14089.0,56,1,57.55,0
14090.0,324,1,76.32000000000001,1
14092.0,7,12,858.37,0
14093.0,12,1,64.97,0
14096.0,4,16,14631.449999999999,2
14098.0,36,1,24.51,0
14099.0,16,11,626.48,0
14100.0,137,1,31.6,1
14101.0,73,4,1165.98,0
14102.0,5,5,364.33,0
14104.0,154,2,90.04,1
14105.0,239,1,189.25,1
14107.0,51,7,504.86,0
14108.0,30,2,113.4,0
14109.0,72,1,25.200000000000003,0
14110.0,3,9,1061.61,0
14111.0,14,1,196.35,0
14112.0,40,5,472.2,0
14113.0,3,4,463.72,0
14114.0,273,2,186.17999999999998,1
14116.0,19,5,229.13,0
14121.0,3,4,637.76,0
14125.0,28,2,451.68,0
14126.0,7,2,114.9,0
14127.0,122,3,118.18,0
14128.0,60,2,217.16,0
14129.0,1,4,332.2,0
14130.0,319,1,144.96,1
14132.0,2,11,632.1,0
14133.0,129,2,143.39999999999998,0
14135.0,1,11,1039.0,0
14138.0,1,2,210.63000000000002,0
14139.0,46,1,95.10000000000001,0
14140.0,3,2,150.45,0
14141.0,2,4,214.59000000000003,0
14142.0,373,1,76.18,1
14143.0,133,1,17.0,0
14145.0,46,2,594.0,0
14146.0,8,5,637.61,0
14148.0,233,1,14.850000000000001,1
14149.0,220,1,82.26,1
14150.0,35,2,78.64,0
14152.0,75,2,115.88,0
14154.0,239,2,323.1,1
14155.0,266,1,35.7,1
14156.0,9,48,23311.48,2
14157.0,19,2,126.84,0
14158.0,40,1,120.08000000000001,0
14159.0,19,11,819.6,0
14161.0,215,3,124.68,1
14162.0,173,2,54.879999999999995,1
14163.0,87,4,699.58,0
14164.0,80,1,129.6,0
14165.0,275,1,28.0,1
14167.0,39,4,115.0,0
14171.0,98,1,48.88,0
14173.0,10,2,180.4,0
14174.0,33,1,47.7,0
14175.0,59,3,807.37,0
14176.0,297,4,192.4,1
14177.0,95,2,67.63,0
14178.0,8,7,290.23,0
14179.0,40,2,117.06,0
14180.0,10,21,792.2,0
14184.0,66,1,143.15,0
14188.0,30,5,399.20000000000005,0
14189.0,2,14,1031.54,0
14191.0,1,12,793.24,0
14193.0,67,2,235.1,0
14194.0,4,19,2118.57,0
14195.0,252,1,392.0,1
14196.0,106,1,26.32,0
14198.0,18,3,116.45,0
14201.0,60,2,54.7,0
14204.0,2,1,29.32,0
14205.0,16,2,80.6,0
14206.0,239,1,45.3,1
14208.0,94,1,28.9,0
14209.0,10,4,490.59999999999997,0
14210.0,105,6,371.16,0
14211.0,53,7,388.98,0
14212.0,89,1,535.6800000000001,0
14214.0,50,4,260.92,0
14215.0,11,5,386.97,0
14216.0,3,4,426.34000000000003,0
14217.0,11,15,577.61,0
14218.0,42,1,16.5,0
14219.0,4,1,3.4799999999999995,0
14220.0,247,1,54.56999999999999,1
14221.0,42,7,695.18,0
14222.0,177,1,242.92,1
14223.0,92,3,220.11,0
14224.0,110,4,303.36,0
14226.0,29,4,390.13,0
14227.0,26,7,762.13,0
14229.0,51,3,298.25,0
14231.0,183,3,276.65000000000003,1
14232.0,42,5,501.84000000000003,0
14233.0,49,1,86.69999999999999,0
14234.0,22,4,138.68,0
14235.0,157,3,712.85,1
14236.0,80,1,19.92,0
14237.0,373,1,29.75,1
14238.0,326,1,35.8,1
14239.0,43,8,445.25,0
14240.0,30,1,111.0,0
14241.0,183,1,15.0,1
14242.0,234,2,50.900000000000006,1
14243.0,95,7,499.19,0
14245.0,219,2,547.83,1
14246.0,110,3,390.3,0
14247.0,278,1,15.25,1
14250.0,7,3,468.06,0
14251.0,1,5,402.78000000000003,0
14256.0,260,2,345.2,1
14257.0,123,3,344.21,0
14258.0,9,8,3236.1,0
14259.0,141,1,32.4,1
14261.0,78,1,256.20000000000005,0
14262.0,8,8,753.46,0
14264.0,154,2,102.80000000000001,1
14265.0,109,2,107.1,0
14267.0,162,3,114.58000000000001,1
14270.0,331,1,103.65,1
14271.0,225,1,17.880000000000003,1
14272.0,73,2,31.65,0
14273.0,51,4,109.0,0
14276.0,98,3,187.94,0
14277.0,15,3,1067.48,0
14282.0,3,14,583.88,0
14284.0,30,2,175.65,0
14285.0,37,2,384.6,0
14286.0,23,3,1132.22,0
14287.0,198,1,17.28,1
14288.0,213,1,135.6,1
14289.0,8,4,95.28,0
14290.0,11,5,525.25,0
14291.0,1,9,885.21,0
14292.0,7,7,989.98,0
14293.0,3,4,240.59,0
14295.0,40,1,65.4,0
14297.0,17,3,229.1,0
14298.0,8,37,10900.48,2
14299.0,8,9,844.99,0
14300.0,18,1,33.0,0
14301.0,117,1,145.92000000000002,0
14304.0,222,1,74.85,1
14305.0,71,2,487.98,0
14306.0,85,1,542.8,0
14307.0,88,6,790.86,0
14309.0,8,8,407.18,0
14311.0,242,1,62.76,1
14312.0,46,5,357.41,0
14314.0,106,1,79.32,0
14315.0,44,5,648.5,0
14317.0,64,1,164.44,0
14320.0,206,2,102.53999999999999,1
14321.0,10,5,303.43,0
14323.0,114,2,98.4,0
14327.0,163,1,105.5,1
14329.0,17,6,1133.5,0
14331.0,124,2,76.6,0
14332.0,22,3,321.75,0
14333.0,67,1,211.8,0
14334.0,16,8,574.06,0
14335.0,16,2,44.089999999999996,0
14336.0,16,4,365.77000000000004,0
14338.0,196,1,184.5,1
14339.0,242,1,80.0,1
14340.0,218,1,49.5,1
14341.0,45,8,482.73,0
14342.0,21,3,83.94,0
14344.0,127,5,137.75,0
14345.0,38,1,57.449999999999996,0
14346.0,120,2,177.0,0
14348.0,260,1,32.1,1
14349.0,10,1,10.05,0
14350.0,274,1,90.93,1
14352.0,157,3,200.96,1
14353.0,215,1,19.5,1
14354.0,30,1,52.56,0
14355.0,365,1,30.9,1
14356.0,79,2,333.37,0
14357.0,43,1,27.970000000000002,0
14359.0,19,3,151.02,0
14360.0,31,4,431.05,0
14362.0,22,1,22.1,0
14364.0,108,6,385.15,0
14367.0,8,15,1838.75,0
14368.0,319,1,69.6,1
14375.0,185,1,36.55,1
14379.0,44,2,34.93000000000001,0
14381.0,52,1,60.6,0
14382.0,26,1,69.65,0
14383.0,38,3,326.4,0
14385.0,9,2,47.7,0
14386.0,296,1,27.599999999999998,1
14387.0,32,3,343.41,0
14388.0,10,8,632.46,0
14389.0,65,2,307.3,0
14390.0,10,9,1053.47,0
14395.0,2,9,716.0,0
14396.0,65,2,100.64,0
14397.0,2,13,550.46,0
14400.0,149,1,90.73,1
14401.0,4,10,790.0799999999999,0
14403.0,217,2,529.66,1
14404.0,33,6,244.83999999999997,0
14406.0,119,1,19.9,0
14407.0,133,4,523.57,0
14408.0,10,7,432.74,0
14409.0,71,4,175.02,0
14410.0,92,7,225.25,0
14411.0,310,1,161.8,1
14412.0,42,2,304.9,0
14413.0,362,1,37.5,1
14414.0,91,7,341.28,0
14415.0,1,11,926.09,0
14416.0,42,1,34.32,0
14418.0,3,3,320.92,0
14419.0,10,6,232.59,0
14420.0,99,1,104.36,0
14421.0,57,2,118.62,0
14422.0,0,6,825.23,0
14426.0,23,10,627.16,0
14427.0,63,1,43.36,0
14428.0,7,4,252.44,0
14431.0,302,1,197.46,1
14432.0,9,6,439.04,0
14436.0,98,1,16.92,0
14437.0,365,1,27.599999999999998,1
14438.0,306,1,18.4,1
14439.0,319,1,631.0,1
14440.0,8,4,445.65000000000003,0
14441.0,0,4,542.73,0
14442.0,204,2,318.35,1
14443.0,53,4,294.1,0
14446.0,0,4,257.11,0
14447.0,18,4,282.94,0
14448.0,9,2,59.50000000000001,0
14449.0,18,4,134.97,0
14450.0,180,3,103.79,1
14451.0,60,2,121.89,0
14452.0,10,2,50.480000000000004,0
14453.0,190,1,47.45,1
14456.0,5,9,686.8,0
14457.0,310,1,30.0,1
14459.0,155,1,562.4,1
14460.0,110,2,165.6,0
14461.0,148,3,533.74,1
14462.0,66,10,490.61,0
14465.0,246,3,239.59,1
14466.0,29,5,387.3,0
14467.0,17,4,117.75,0
14470.0,11,2,46.43,0
14472.0,103,8,414.62,0
14473.0,74,1,10.2,0
14474.0,46,1,82.2,0
14475.0,71,3,178.5,0
14476.0,257,1,9.95,1
14479.0,253,1,67.35000000000001,1
14480.0,11,1,75.12,0
14481.0,164,2,141.15,1
14482.0,18,6,273.04,0
14483.0,281,1,7.5,1
14484.0,50,1,51.94,0
14485.0,38,1,19.19,0
14487.0,26,6,175.95,0
14488.0,67,1,255.96,0
14489.0,207,1,79.5,1
14491.0,175,2,77.4,1
14493.0,16,4,280.69,0
14494.0,25,1,54.599999999999994,0
14495.0,50,1,20.8,0
14496.0,311,2,166.89000000000001,1
14497.0,309,1,112.16000000000001,1
14498.0,42,5,553.23,0
14499.0,26,3,182.37,0
14500.0,189,1,42.45,1
14501.0,183,2,84.15,1
14502.0,19,9,517.53,0
14503.0,3,6,613.36,0
14504.0,47,4,145.82,0
14505.0,17,8,1227.46,0
14506.0,17,5,463.51,0
14507.0,40,4,179.73,0
14508.0,22,2,78.50999999999999,0
14511.0,11,5,374.51,0
14512.0,187,2,100.96,1
14513.0,206,2,259.0,1
14514.0,61,3,244.61,0
14515.0,17,5,554.17,0
14517.0,141,1,15.9,1
14518.0,64,1,10.1,0
14522.0,24,2,183.83999999999997,0
14523.0,108,1,83.78,0
14524.0,71,8,602.77,0
14525.0,19,8,968.01,0
14527.0,2,53,1646.74,0
14528.0,37,1,78.45,0
14529.0,60,3,115.47,0
14530.0,25,6,451.35,0
14532.0,236,4,122.75,1
14533.0,24,5,393.14,0
14534.0,2,18,1042.01,0
14535.0,60,3,576.8100000000001,0
14536.0,259,1,8.5,1
14537.0,57,1,75.6,0
14538.0,64,2,51.7,0
14539.0,15,2,74.42,0
14540.0,9,3,323.81,0
14541.0,58,7,337.1,0
14543.0,28,10,786.4000000000001,0
14544.0,24,2,214.22,0
14546.0,5,5,529.86,0
14547.0,3,8,888.48,0
14548.0,150,2,408.0,1
14549.0,311,1,93.9,1
14550.0,10,2,216.64999999999998,0
14551.0,18,2,41.3,0
14552.0,151,1,27.88,1
14553.0,19,5,151.73999999999998,0
14554.0,10,4,427.53000000000003,0
14555.0,57,2,59.1,0
14557.0,85,1,33.16,0
14560.0,7,11,346.09,0
14561.0,75,3,237.78,0
14562.0,3,17,809.3100000000001,0
14565.0,95,4,545.3,0
14566.0,110,1,358.0,0
14567.0,56,2,422.16,0
14569.0,1,1,56.190000000000005,0
14570.0,280,2,24.18,1
14572.0,40,5,550.04,0
14573.0,179,8,283.26,1
14577.0,12,4,110.66,0
14578.0,3,1,1.25,0
14581.0,16,1,28.189999999999998,0
14582.0,40,1,78.9,0
14583.0,5,5,237.79999999999998,0
14584.0,169,4,113.57,1
14585.0,50,1,41.75,0
14586.0,276,1,55.08,1
14587.0,18,9,363.12,0
14589.0,371,1,15.9,1
14591.0,15,4,280.39,0
14592.0,35,3,117.67,0
14593.0,21,3,153.57,0
14594.0,7,2,41.63,0
14595.0,19,5,295.99,0
14597.0,11,1,39.77,0
14598.0,44,1,36.379999999999995,0
14600.0,305,1,128.1,1
14601.0,10,1,15.0,0
14606.0,1,89,2445.59,2
14607.0,15,9,2416.0,0
14608.0,29,2,114.45000000000002,0
14609.0,143,1,191.16,1
14618.0,9,3,80.4,0
14619.0,245,1,75.66,1
14620.0,205,2,78.14,1
14621.0,1,4,241.96,0
14622.0,184,1,94.10000000000001,1
14623.0,32,5,231.81,0
14624.0,59,1,41.1,0
14625.0,196,2,271.4,1
14626.0,23,4,459.32,0
14628.0,91,2,120.0,0
14629.0,4,2,236.55,0
14631.0,50,3,162.58,0
14632.0,262,1,58.84,1
14633.0,266,1,34.2,1
14636.0,36,2,85.80000000000001,0
14638.0,50,1,37.0,0
14639.0,52,5,636.77,0
14640.0,24,6,383.52000000000004,0
14641.0,21,1,7.800000000000001,0
14642.0,58,1,96.12,0
14643.0,170,2,176.31,1
14644.0,67,2,109.60000000000002,0
14645.0,156,2,52.959999999999994,1
14646.0,2,56,51732.28,2
14647.0,201,1,126.14,1
14649.0,4,4,299.39,0
14651.0,67,2,156.96,0
14652.0,77,1,21.09,0
14653.0,1,6,428.0,0
14655.0,22,3,596.95,0
14656.0,169,2,52.86,1
14657.0,17,4,219.14,0
14658.0,5,2,21.29,0
14659.0,8,9,551.3100000000001,0
14660.0,86,2,35.92,0
14661.0,26,1,0.85,0
14662.0,28,4,118.81,0
14664.0,19,2,169.78,0
14665.0,60,4,394.27,0
14666.0,24,1,17.849999999999998,0
14667.0,21,24,1923.27,0
14669.0,241,3,248.64,1
14670.0,280,2,60.66,1
14672.0,234,2,157.05,1
14673.0,9,4,188.57999999999998,0
14675.0,16,1,152.1,0
14676.0,78,5,795.24,0
14680.0,25,16,4838.33,0
14681.0,211,1,12.5,1
14684.0,25,5,262.69,0
14687.0,106,1,251.76,0
14688.0,7,19,1288.25,0
14689.0,208,1,48.75,1
14690.0,44,2,77.82,0
14691.0,30,4,327.88,0
14692.0,137,4,197.55,0
14693.0,264,1,25.6,1
14696.0,4,7,317.63,0
14697.0,218,2,56.0,1
14698.0,1,5,183.47,0
14699.0,214,1,38.13,1
14700.0,32,3,430.51,0
14701.0,10,8,386.53,0
14702.0,1,15,559.88,0
14703.0,14,1,45.36000000000001,0
14704.0,19,7,267.07,0
14708.0,2,3,381.02,0
14709.0,15,12,1019.3100000000001,0
14710.0,14,4,82.17,0
14711.0,10,10,481.76,0
14712.0,29,3,156.45000000000002,0
14713.0,9,11,564.55,0
14714.0,24,1,80.64,0
14715.0,24,4,254.05,0
14716.0,43,2,76.56,0
14719.0,1,5,289.01,0
14720.0,89,2,109.98,0
14722.0,147,1,57.19,1
14723.0,10,6,200.59,0
14725.0,24,1,155.8,0
14727.0,274,1,15.0,1
14729.0,373,1,55.28,1
14730.0,1,8,422.59,0
14731.0,47,3,128.39,0
14732.0,8,8,820.99,0
14733.0,16,10,2321.56,0
14735.0,3,22,1311.86,0
14737.0,128,2,162.2,0
14738.0,42,5,330.87,0
14739.0,4,6,984.52,0
14740.0,197,3,297.7,1
14741.0,11,5,181.21,0
14744.0,16,2,26.650000000000002,0
14745.0,112,3,144.92000000000002,0
14747.0,249,1,51.300000000000004,1
14748.0,29,5,312.26,0
14752.0,43,1,39.599999999999994,0
14753.0,87,1,106.7,0
14754.0,44,2,221.42000000000002,0
14755.0,9,10,1034.06,0
14756.0,15,1,150.08,0
14757.0,75,1,151.92000000000002,0
14758.0,144,4,336.4,0
14759.0,4,3,383.59000000000003,0
14760.0,297,1,10.2,1
14761.0,334,1,32.7,1
14762.0,263,1,85.56,1
14764.0,46,1,19.799999999999997,0
14765.0,29,2,67.76,0
14766.0,8,6,534.95,0
14768.0,127,1,65.10000000000001,0
14769.0,2,8,2289.37,0
14770.0,232,2,200.45,1
14772.0,112,1,30.0,0
14775.0,58,3,81.06,0
14776.0,51,9,422.03999999999996,0
14778.0,127,2,171.4,0
14779.0,280,3,92.75,1
14780.0,54,2,111.25,0
14782.0,319,1,42.900000000000006,1
14784.0,26,2,140.12,0
14785.0,10,2,77.4,0
14788.0,7,2,93.32000000000001,0
14789.0,28,1,17.4,0
14790.0,16,4,142.8,0
14793.0,21,1,37.14,0
14794.0,2,5,196.17,0
14795.0,166,1,51.95,1
14796.0,1,17,1397.09,0
14798.0,310,1,40.28,1
14799.0,51,1,30.509999999999998,0
14800.0,47,10,863.02,0
14801.0,61,1,18.79,0
14803.0,162,3,357.41999999999996,1
14804.0,8,1,90.07,0
14805.0,15,4,129.55,0
14806.0,75,1,31.5,0
14808.0,39,6,767.61,0
14810.0,40,11,400.33,0
14813.0,369,2,12.200000000000001,1
14815.0,36,2,200.76999999999998,0
14817.0,200,2,246.75,1
14818.0,73,3,106.85,0
14819.0,64,1,61.2,0
14820.0,21,2,44.1,0
14821.0,366,1,48.800000000000004,1
14823.0,180,3,95.1,1
14824.0,10,3,323.65000000000003,0
14825.0,3,10,366.89000000000004,0
14828.0,196,2,306.0,1
14829.0,29,4,196.46,0
14830.0,53,1,26.77,0
14834.0,17,6,616.93,0
14836.0,28,2,37.8,0
14837.0,89,4,340.6,0
14841.0,53,5,505.25,0
14842.0,43,3,447.31,0
14844.0,63,4,454.03000000000003,0
14847.0,148,1,37.3,1
14849.0,21,19,1723.1200000000001,0
14850.0,311,1,125.0,1
14851.0,23,2,71.61,0
14852.0,58,6,584.74,0
14853.0,24,1,15.0,0
14854.0,78,6,635.3000000000001,0
14855.0,119,2,100.5,0
14856.0,36,2,316.8,0
14857.0,59,2,245.1,0
14859.0,12,4,293.08,0
14860.0,19,1,61.44,0
14861.0,52,1,19.8,0
14862.0,25,2,170.39999999999998,0
14863.0,29,1,52.08,0
14865.0,372,1,27.12,1
14866.0,10,8,4113.9400000000005,0
14867.0,185,3,168.7,1
14868.0,3,7,633.94,0
14869.0,8,2,196.24,0
14870.0,261,1,127.44999999999999,1
14871.0,3,4,91.6,0
14873.0,210,1,107.94999999999999,1
14875.0,107,2,266.07,0
14878.0,12,9,261.0,0
14880.0,77,3,139.71,0
14882.0,26,2,62.4,0
14883.0,18,3,82.89999999999999,0
14885.0,131,1,61.199999999999996,0
14886.0,252,1,71.1,1
14888.0,207,1,95.5,1
14889.0,336,1,39.900000000000006,1
14890.0,253,1,17.700000000000003,1
14891.0,148,2,139.52,1
14893.0,9,2,239.28,0
14894.0,85,1,290.06,0
14895.0,7,15,1943.97,0
14896.0,204,2,139.65,1
14897.0,7,4,158.2,0
14898.0,23,5,304.28,0
14901.0,11,9,488.82,0
14902.0,25,1,76.3,0
14903.0,21,5,560.04,0
14904.0,2,2,158.58,0
14905.0,157,2,126.89999999999999,1
14907.0,3,6,926.4100000000001,0
14908.0,74,1,57.49999999999999,0
14910.0,2,2,65.68,0
14911.0,1,183,29207.65,2
14912.0,16,2,138.89999999999998,0
14913.0,35,4,71.68,0
14915.0,91,2,96.92,0
14916.0,70,4,396.6,0
14918.0,115,2,335.36,0
14920.0,212,2,167.48,1
14921.0,30,2,374.29,0
14923.0,50,1,90.07,0
14924.0,245,1,34.7,1
14929.0,32,1,15.0,0
14930.0,108,3,509.65,0
14931.0,4,5,488.28999999999996,0
14932.0,365,1,60.65,1
14934.0,81,2,292.65,0
14935.0,297,1,681.72,1
14936.0,33,6,1692.07,0
14937.0,56,2,280.2,0
14944.0,29,9,1146.0900000000001,0
14947.0,72,2,81.72,0
14948.0,23,4,112.68,0
14950.0,19,1,94.26,0
14951.0,79,1,85.2,0
14952.0,59,7,959.76,0
14953.0,25,1,62.61,0
14954.0,12,1,62.61,0
14957.0,253,1,13.4,1
14958.0,185,2,29.55,1
14959.0,64,4,142.53,0
14960.0,8,1,36.93,0
14961.0,10,9,1352.68,0
14962.0,270,1,70.2,1
14963.0,9,5,473.68,0
14964.0,247,1,10.899999999999999,1
14965.0,96,1,68.99,0
14966.0,14,1,52.31,0
14967.0,49,1,15.0,0
14968.0,30,1,16.72,0
14970.0,68,4,362.5,0
14971.0,35,2,189.22,0
14972.0,128,1,34.9,0
14973.0,107,3,393.72,0
14974.0,37,1,42.85,0
14975.0,57,1,75.77000000000001,0
14976.0,57,4,171.45000000000002,0
14978.0,72,5,389.41,0
14981.0,246,1,33.0,1
14984.0,19,2,38.14,0
14985.0,198,2,74.63,1
14988.0,211,1,23.700000000000003,1
14995.0,38,2,42.94,0
14997.0,46,3,128.18,0
14998.0,170,2,52.18,1
15000.0,47,1,89.19,0
15002.0,115,4,424.49,0
15004.0,147,1,234.81,1
15005.0,15,28,1298.51,0
15006.0,51,1,114.53999999999999,0
15007.0,159,1,8.25,1
15009.0,12,3,264.24,0
15010.0,35,1,82.46,0
15012.0,53,2,97.32,0
15014.0,43,1,42.54,0
15016.0,172,1,28.95,1
15017.0,33,1,25.25,0
15018.0,38,3,98.65,0
15019.0,266,1,40.339999999999996,1
15021.0,8,9,354.19,0
15022.0,11,3,171.13,0
15023.0,3,11,1634.69,0
15024.0,9,6,335.54,0
15025.0,33,1,110.66,0
15026.0,80,3,125.9,0
15027.0,30,4,418.7,0
15028.0,8,3,271.48,0
15030.0,71,1,76.32000000000001,0
15031.0,4,4,106.65,0
15032.0,256,2,1508.1,1
15033.0,4,10,407.58,0
15034.0,15,8,1041.7,0
15035.0,89,1,67.75,0
15036.0,72,2,116.5,0
15038.0,68,5,189.41,0
15039.0,9,43,4045.92,0
15041.0,170,1,53.480000000000004,1
15042.0,199,1,76.5,1
15043.0,31,1,179.0,0
15044.0,19,15,1492.1,0
15045.0,151,1,71.48,1
15046.0,9,14,711.28,0
15047.0,269,1,147.72,1
15048.0,65,4,74.59,0
15050.0,25,2,224.79,0
15051.0,23,3,289.25,0
15052.0,319,1,7.050000000000001,1
15053.0,4,3,60.3,0
15054.0,12,2,64.58,0
15057.0,275,2,501.0,1
15058.0,25,11,402.8,0
15059.0,40,8,307.23,0
15060.0,8,3,46.589999999999996,0
15061.0,3,35,9364.84,2
15062.0,71,4,209.42000000000002,0
15063.0,213,1,76.0,1
15065.0,37,4,598.3,0
15066.0,53,1,169.34,0
15067.0,78,3,373.28,0
15068.0,46,2,106.52,0
15069.0,179,1,259.3,1
15071.0,93,2,249.65,0
15073.0,9,3,288.88,0
15074.0,105,1,129.04000000000002,0
15075.0,77,1,75.78,0
15076.0,172,1,186.84,1
15078.0,7,22,1989.44,0
15079.0,212,3,155.51,1
15081.0,22,3,56.75,0
15083.0,256,1,34.8,1
15087.0,281,1,94.76,1
15088.0,21,2,168.62,0
15089.0,10,5,602.84,0
15090.0,308,1,87.6,1
15091.0,67,1,122.63,0
15092.0,215,2,127.23,1
15093.0,18,6,1027.24,0
15095.0,103,3,230.1,0
15096.0,42,1,64.5,0
15097.0,4,1,46.8,0
15099.0,84,1,30.700000000000003,0
15100.0,333,1,175.2,1
15101.0,359,1,23.8,1
15103.0,31,2,114.19999999999999,0
15104.0,196,2,226.96,1
15105.0,18,6,414.98,0
15106.0,17,5,263.24,0
15108.0,141,4,331.65000000000003,0
15109.0,245,1,125.3,1
15110.0,23,3,81.0,0
15111.0,29,3,291.97,0
15113.0,9,2,542.39,0
15114.0,30,10,419.74,0
15115.0,18,1,20.64,0
15116.0,17,4,247.32000000000002,0
15117.0,14,4,561.3100000000001,0
15119.0,245,1,94.5,1
15120.0,133,1,95.75,0
15121.0,288,1,108.65,1
15122.0,114,3,190.04,0
15123.0,7,2,283.78,0
15124.0,191,1,24.400000000000002,1
15125.0,60,10,3042.34,0
15127.0,65,1,141.89999999999998,0
15128.0,60,4,317.46,0
15129.0,50,8,657.52,0
15130.0,169,1,62.550000000000004,1
15132.0,105,3,301.70000000000005,0
15133.0,127,3,206.1,0
15134.0,14,8,395.99,0
15135.0,239,1,49.5,1
15136.0,2,4,316.1,0
15139.0,239,2,62.86,1
15140.0,52,7,636.02,0
15142.0,46,1,81.62,0
15143.0,225,1,72.69999999999999,1
15144.0,8,15,1546.16,0
15145.0,4,4,282.86,0
15146.0,164,2,187.8,1
15147.0,240,1,66.6,1
15148.0,10,1,49.8,0
15149.0,133,1,188.8,0
15150.0,17,9,1108.53,0
15152.0,9,12,1039.83,0
15153.0,31,1,53.45,0
15154.0,75,1,95.55,0
15156.0,1,3,235.4,0
15157.0,3,3,297.86,0
15158.0,45,1,152.04000000000002,0
15159.0,1,25,3813.48,0
15160.0,357,1,6.959999999999999,1
15163.0,18,2,131.97,0
15164.0,68,3,215.24,0
15165.0,373,1,123.64999999999999,1
15167.0,320,1,62.6,1
15171.0,331,1,127.49999999999999,1
15172.0,8,5,356.38,0
15174.0,322,1,31.5,1
15175.0,71,1,6.959999999999999,0
15178.0,260,1,8.5,1
15179.0,18,3,433.90999999999997,0
15180.0,367,1,10.2,1
15181.0,175,1,33.72,1
15182.0,154,2,136.43,1
15184.0,29,2,101.67,0
15185.0,70,1,41.88,0
15186.0,14,2,91.75,0
15187.0,1,12,1937.52,0
15189.0,22,28,2501.26,0
15192.0,119,3,282.31,0
15193.0,60,1,43.7,0
15194.0,3,15,1277.0,0
15197.0,10,3,513.9,0
15198.0,92,2,66.0,0
15199.0,59,4,428.45,0
15201.0,87,4,178.54,0
15203.0,25,6,379.2,0
15204.0,357,1,87.12,1
15205.0,85,2,232.8,0
15206.0,99,2,78.9,0
15208.0,63,2,97.12,0
15210.0,225,1,75.17999999999999,1
15211.0,60,2,326.0,0
15212.0,241,1,39.8,1
15213.0,329,1,93.0,1
15214.0,1,6,194.98,0
15215.0,46,2,152.64000000000001,0
15216.0,87,1,63.6,0
15218.0,10,10,1578.35,0
15219.0,176,1,12.75,1
15220.0,51,6,319.56,0
15222.0,318,1,58.0,1
15223.0,225,2,59.0,1
15224.0,358,2,79.60000000000001,1
15225.0,234,1,86.4,1
15226.0,310,1,52.86,1
15227.0,36,5,268.58,0
15228.0,66,4,454.28000000000003,0
15230.0,240,1,42.3,1
15232.0,113,2,108.12,0
15234.0,276,1,16.92,1
15235.0,217,10,355.02000000000004,1
15236.0,298,1,31.5,1
15237.0,1,3,267.71000000000004,0
15238.0,29,3,553.5,0
15239.0,10,2,106.3,0
15240.0,44,5,262.3,0
15241.0,66,7,511.74,0
15243.0,74,1,83.25,0
15244.0,65,2,46.599999999999994,0
15245.0,134,3,496.38,0
15246.0,238,2,88.2,1
15247.0,122,1,34.8,0
15249.0,31,13,1538.86,0
15251.0,40,8,2355.7400000000002,0
15252.0,36,2,98.06,0
15253.0,16,3,232.43,0
15254.0,127,1,73.08,0
15255.0,66,1,135.99,0
15256.0,148,1,16.8,1
15257.0,283,1,92.05,1
15258.0,168,2,31.2,1
15260.0,100,6,357.6,0
15261.0,135,1,39.519999999999996,0
15262.0,323,1,34.8,1
15263.0,106,1,44.2,0
15264.0,64,1,15.08,0
15265.0,151,2,428.33,1
15266.0,338,1,17.85,1
15267.0,22,3,249.6,0
15269.0,23,1,290.0,0
15270.0,117,3,140.8,0
15271.0,7,14,545.69,0
15272.0,57,2,147.65,0
15274.0,4,2,84.3,0
15275.0,37,1,131.47,0
15276.0,66,1,19.400000000000002,0
15277.0,46,1,104.39999999999999,0
15279.0,354,1,40.4,1
15280.0,172,1,44.46,1
15281.0,58,8,345.17,0
15287.0,22,2,139.89,0
15288.0,43,5,440.56,0
15289.0,29,3,223.20000000000002,0
15290.0,4,16,1651.19,0
15291.0,25,12,1351.08,0
15292.0,201,1,45.34,1
15296.0,50,6,695.35,0
15297.0,10,3,205.8,0
15298.0,2,10,898.38,0
15299.0,263,1,600.0,1
15300.0,64,1,63.0,0
15301.0,50,11,1372.75,0
15303.0,290,1,122.83,1
15304.0,164,2,53.35,1
15306.0,64,3,242.86,0
15307.0,95,1,32.7,0
15308.0,274,1,65.22,1
15311.0,0,86,10925.44,2
15312.0,75,4,261.65,0
15314.0,199,1,45.18000000000001,1
15315.0,64,1,46.08,0
15318.0,3,1,113.12,0
15319.0,283,1,43.5,1
15320.0,44,1,30.62,0
15321.0,70,3,566.06,0
15322.0,85,1,151.06,0
15325.0,103,1,25.5,0
15326.0,333,1,52.05,1
15327.0,52,1,17.4,0
15329.0,39,3,268.1,0
15330.0,32,2,177.84,0
15332.0,369,2,245.1,1
15333.0,208,1,81.45,1
15334.0,156,3,118.59,1
15335.0,53,1,49.7,0
15339.0,66,2,110.08,0
15341.0,80,1,269.0,0
15342.0,129,1,10.08,0
15343.0,87,1,66.4,0
15344.0,74,1,118.69,0
15345.0,45,1,77.35,0
15346.0,332,1,59.550000000000004,1
15347.0,366,1,17.700000000000003,1
15348.0,72,1,72.6,0
15349.0,158,2,73.65,1
15350.0,373,1,25.200000000000003,1
15351.0,12,7,454.53999999999996,0
15353.0,254,2,94.6,1
15355.0,29,2,48.8,0
15356.0,31,10,584.6,0
15358.0,4,21,1701.27,0
15360.0,39,1,136.5,0
15361.0,361,1,75.60000000000001,1
15363.0,372,1,82.5,1
15364.0,95,2,398.68000000000006,0
15365.0,25,6,702.5500000000001,0
15366.0,75,1,136.2,0
15367.0,57,3,186.14999999999998,0
15368.0,21,1,295.74,0
15370.0,40,6,1009.51,0
15372.0,137,1,530.84,0
15373.0,8,8,468.31,0
15374.0,128,1,51.0,0
15376.0,40,3,271.56,0
15379.0,186,6,767.59,1
15380.0,8,4,450.40000000000003,0
15381.0,268,1,39.599999999999994,1
15382.0,14,5,1192.3700000000001,0
15384.0,169,2,128.5,1
15385.0,40,1,183.12,0
15386.0,186,1,113.76,1
15388.0,270,1,12.600000000000001,1
15392.0,4,4,400.96,0
15393.0,16,2,73.56,0
15394.0,9,4,408.85,0
15395.0,325,1,14.850000000000001,1
15396.0,112,1,21.8,0
15397.0,289,1,29.85,1
15398.0,16,2,329.72,0
15399.0,1,3,181.76,0
15400.0,278,1,95.2,1
15402.0,148,2,94.97,1
15405.0,189,1,122.9,1
15406.0,31,2,86.75,0
15407.0,33,4,517.9,0
15408.0,264,1,48.0,1
15410.0,84,7,656.7,0
15411.0,26,4,348.58,0
15412.0,171,1,107.9,1
15414.0,9,3,174.35000000000002,0
15415.0,313,1,148.4,1
15416.0,64,4,683.97,0
15417.0,85,1,123.2,0
15419.0,24,1,32.699999999999996,0
15421.0,58,3,175.9,0
15422.0,323,1,17.0,1
15424.0,254,1,11.7,1
15426.0,19,5,317.84,0
15427.0,33,3,212.72,0
15428.0,15,1,22.5,0
15429.0,26,2,70.39,0
15432.0,23,1,48.45,0
15433.0,213,2,63.36,1
15434.0,8,4,209.65,0
15435.0,22,1,61.74,0
15436.0,12,3,148.68,0
15437.0,262,1,39.18,1
15438.0,131,1,8.45,0
15440.0,54,3,62.74,0
15443.0,1,7,620.29,0
15444.0,9,2,238.76,0
15445.0,264,1,19.9,1
15447.0,330,1,33.31999999999999,1
15448.0,312,1,111.77,1
15449.0,26,3,146.06,0
15450.0,30,1,48.0,0
15452.0,29,3,76.17,0
15453.0,1,7,309.31,0
15454.0,362,1,33.45,1
15456.0,283,3,87.35,1
15457.0,262,1,36.879999999999995,1
15460.0,354,1,41.65,1
15462.0,187,1,15.0,1
15463.0,29,1,15.0,0
15464.0,338,1,163.57,1
15465.0,19,13,1191.84,0
15466.0,85,1,49.0,0
15467.0,145,2,50.65,1
15468.0,51,2,152.98,0
15469.0,120,1,87.35,0
15471.0,2,1,53.010000000000005,0
15472.0,113,1,83.47999999999999,0
15473.0,58,2,204.0,0
15475.0,77,1,77.16,0
15478.0,40,2,327.68,0
15480.0,116,1,222.70000000000002,0
15482.0,15,10,1870.48,0
15483.0,161,4,47.1,1
15484.0,1,4,624.9300000000001,0
15485.0,30,3,457.85,0
15489.0,22,3,293.85,0
15491.0,100,5,489.18,0
15492.0,74,1,62.98,0
15493.0,32,5,437.3,0
15494.0,21,2,180.7,0
15497.0,17,1,133.8,0
15498.0,2,21,2692.14,0
15500.0,8,4,181.97,0
15502.0,15,6,1865.27,0
15503.0,362,1,27.45,1
15504.0,81,1,13.7,0
15505.0,52,5,652.32,0
15506.0,22,3,196.3,0
15507.0,171,1,134.82,1
15508.0,189,6,215.18,1
15511.0,11,5,190.91,0
15513.0,33,14,3542.8900000000003,0
15514.0,12,8,1303.0900000000001,0
15516.0,46,1,5.95,0
15517.0,233,1,67.98,1
15518.0,64,6,353.7,0
15520.0,1,1,45.480000000000004,0
15521.0,40,6,326.74,0
15522.0,32,2,113.63,0
15523.0,84,1,28.3,0
15524.0,24,1,440.0,0
15525.0,2,3,99.14,0
15527.0,18,7,600.4300000000001,0
15528.0,254,1,114.62,1
15529.0,22,9,799.69,0
15530.0,21,4,394.18,0
15531.0,8,2,348.33,0
15532.0,25,4,384.98,0
15533.0,19,3,115.6,0
15535.0,173,3,81.6,1
15537.0,163,1,19.7,1
15539.0,7,1,103.81,0
15540.0,11,1,49.370000000000005,0
15541.0,114,1,15.990000000000002,0
15543.0,288,1,17.7,1
15544.0,9,9,783.16,0
15545.0,54,2,25.240000000000002,0
15547.0,7,13,897.76,0
15549.0,77,3,319.65000000000003,0
15550.0,4,4,72.32,0
15551.0,36,1,44.46,0
15552.0,217,1,21.64,1
15553.0,60,1,106.73,0
15554.0,277,1,15.0,1
15555.0,12,16,929.68,0
15556.0,24,1,57.04,0
15557.0,28,1,40.440000000000005,0
15561.0,149,2,231.64999999999998,1
15562.0,351,1,134.55,1
15563.0,22,3,293.34999999999997,0
15565.0,50,2,34.2,0
15567.0,18,1,17.4,0
15568.0,2,3,40.34,0
15569.0,131,3,154.95,0
15570.0,10,11,791.65,0
15571.0,24,3,88.92,0
15572.0,4,7,427.16,0
15573.0,31,2,107.0,0
15574.0,177,3,134.15,1
15576.0,37,1,240.2,0
15577.0,151,3,95.09,1
15578.0,162,1,39.6,1
15579.0,68,2,85.33,0
15581.0,156,8,169.29,0
15582.0,24,3,222.25000000000003,0
15584.0,23,4,104.56,0
15585.0,176,1,106.13999999999999,1
15587.0,89,2,356.04,0
15589.0,255,2,98.14999999999999,1
15592.0,46,1,49.120000000000005,0
15593.0,70,1,91.2,0
15594.0,30,4,466.32,0
15596.0,100,5,289.45,0
15597.0,35,1,19.799999999999997,0
15598.0,53,1,45.06,0
15599.0,26,2,244.84,0
15601.0,11,14,1263.5,0
15602.0,8,5,271.02000000000004,0
15604.0,52,1,29.44,0
15605.0,36,4,246.35,0
15606.0,61,8,657.78,0
15607.0,336,1,19.28,1
15608.0,60,2,217.55,0
15609.0,184,1,77.55,1
15610.0,51,1,45.8,0
15611.0,9,8,347.69,0
15612.0,61,1,17.85,0
15615.0,10,20,1629.56,0
15618.0,32,4,126.8,0
15619.0,10,1,145.0,0
15620.0,56,3,415.12,0
15621.0,4,2,257.29999999999995,0
15622.0,86,6,855.64,0
15624.0,135,3,112.83000000000001,0
15625.0,103,3,277.51,0
15626.0,74,2,62.86,0
15628.0,24,8,615.87,0
15630.0,45,2,264.0,0
15632.0,15,8,736.5,0
15634.0,17,1,68.15,0
15636.0,89,2,152.9,0
15637.0,52,1,57.31,0
15639.0,134,1,27.45,0
15640.0,4,15,2593.13,0
15641.0,105,4,428.62,0
15643.0,191,2,163.15,1
15644.0,166,4,166.89000000000001,1
15645.0,18,1,154.76999999999998,0
15646.0,157,3,127.27000000000001,1
15648.0,204,2,69.9,1
15649.0,336,2,816.0,1
15651.0,36,3,155.56,0
15652.0,91,1,56.0,0
15654.0,9,2,154.77,0
15655.0,243,1,117.96000000000001,1
15656.0,45,4,216.6,0
15658.0,190,3,178.1,1
15659.0,43,1,48.0,0
15660.0,25,8,276.69,0
15661.0,317,1,180.6,1
15664.0,50,1,35.75,0
15665.0,168,2,283.32,1
15667.0,39,1,102.60000000000001,0
15669.0,176,2,100.08,1
15670.0,296,1,27.900000000000002,1
15671.0,25,5,276.08,0
15673.0,88,4,481.41,0
15674.0,73,4,366.11,0
15675.0,155,1,85.43,1
15676.0,18,3,666.84,0
15677.0,49,1,187.29,0
15678.0,52,1,20.4,0
15679.0,30,3,143.59,0
15680.0,9,3,318.36,0
15681.0,25,4,200.88,0
15683.0,117,1,70.6,0
15687.0,8,8,578.45,0
15689.0,119,1,81.0,0
15690.0,4,2,49.8,0
15691.0,252,1,45.0,1
15692.0,28,1,80.10000000000001,0
15694.0,0,10,1435.32,0
15695.0,266,2,98.85000000000001,1
15696.0,33,7,566.37,0
15699.0,17,1,117.10000000000001,0
15700.0,172,2,134.43,1
15701.0,2,4,384.79,0
15703.0,264,1,35.400000000000006,1
15704.0,140,3,319.02,0
15705.0,201,1,75.9,1
15706.0,75,2,168.65,0
15707.0,35,4,275.6,0
15708.0,40,7,784.0600000000001,0
15709.0,283,1,53.150000000000006,1
15712.0,9,4,173.7,0
15713.0,143,2,32.11,1
15714.0,11,2,66.75,0
15716.0,145,4,241.08,0
15719.0,32,13,948.45,0
15720.0,24,1,163.38,0
15721.0,11,1,54.68,0
15722.0,35,4,697.59,0
15723.0,364,1,20.85,1
15724.0,201,2,86.10000000000001,1
15725.0,15,1,26.9,0
15727.0,16,7,959.24,0
15730.0,65,3,214.74,0
15732.0,212,1,34.72,1
15733.0,282,1,60.5,1
15734.0,114,2,209.8,0
15737.0,22,6,220.77,0
15738.0,18,11,722.62,0
15739.0,66,1,129.4,0
15743.0,16,4,136.9,0
15745.0,19,4,258.05,0
15746.0,134,1,10.92,0
15747.0,12,3,312.89,0
15748.0,40,1,62.410000000000004,0
15749.0,235,2,20713.300000000003,2
15750.0,2,7,448.81,0
15752.0,39,7,585.35,0
15754.0,51,3,108.6,0
15755.0,10,6,458.4,0
15756.0,61,4,127.42,0
15757.0,65,2,127.5,0
15758.0,24,1,17.85,0
15759.0,218,3,127.6,1
15762.0,65,2,146.47,0
15763.0,31,2,124.75,0
15764.0,107,3,842.73,0
15768.0,115,2,55.0,0
15769.0,7,17,9395.16,0
15773.0,5,1,39.94,0
15774.0,68,1,32.0,0
15776.0,133,1,102.28,0
15777.0,241,1,26.7,1
15780.0,242,2,107.45,1
15781.0,25,2,49.8,0
15782.0,49,2,596.88,0
15783.0,10,1,84.6,0
15785.0,32,5,677.94,0
15786.0,46,3,1316.29,0
15787.0,26,3,163.45,0
15789.0,358,1,15.6,1
15790.0,10,1,62.01,0
15791.0,43,2,398.96999999999997,0
15793.0,14,2,141.21,0
15795.0,149,1,97.49,1
15796.0,1,8,554.26,0
15797.0,304,1,597.6000000000001,1
15799.0,75,3,102.55,0
15800.0,107,2,158.02,0
15801.0,46,2,270.46999999999997,0
15804.0,0,11,573.18,0
15805.0,23,13,1085.41,0
15806.0,46,3,212.3,0
15807.0,50,3,203.4,0
15808.0,306,4,546.25,1
15809.0,36,3,92.74000000000001,0
15810.0,78,4,331.25,0
15811.0,22,6,501.03000000000003,0
15812.0,107,5,732.45,0
15813.0,207,2,220.45,1
15814.0,16,4,269.51,0
15815.0,63,4,482.54,0
15819.0,49,4,369.71999999999997,0
15820.0,319,1,15.299999999999999,1
15821.0,44,2,145.7,0
15822.0,3,2,147.0,0
15825.0,172,1,89.86,1
15826.0,56,2,268.42,0
15827.0,73,10,384.95,0
15829.0,99,2,182.57999999999998,0
15830.0,37,1,125.53999999999999,0
15831.0,58,3,164.0,0
15832.0,254,1,126.45,1
15834.0,70,3,482.13,0
15835.0,44,4,176.2,0
15836.0,50,1,23.47,0
15837.0,64,1,100.78999999999999,0
15838.0,11,13,7690.18,0
15839.0,33,3,148.24,0
15840.0,58,2,93.14,0
15841.0,72,4,165.39999999999998,0
15843.0,303,1,17.85,1
15844.0,46,1,42.3,0
15845.0,17,7,684.3,0
15847.0,38,1,19.799999999999997,0
15850.0,19,2,37.11,0
15852.0,186,2,83.0,1
15853.0,51,1,18.740000000000002,0
15854.0,4,7,279.11,0
15855.0,136,5,165.08,0
15856.0,4,26,3025.49,0
15857.0,18,1,71.39999999999999,0
15858.0,15,5,283.92,0
15860.0,40,8,230.09,0
15861.0,12,7,601.78,0
15862.0,8,4,223.98,0
15863.0,25,1,12.030000000000001,0
15864.0,26,4,391.0,0
15865.0,40,3,58.0,0
15866.0,101,1,82.84,0
15867.0,5,15,661.91,0
15869.0,277,2,15.45,1
15870.0,32,1,63.44,0
15872.0,14,1,69.18,0
15874.0,63,6,1029.42,0
15877.0,17,1,61.010000000000005,0
15880.0,369,1,67.44,1
15881.0,312,1,54.300000000000004,1
15882.0,368,2,76.44000000000001,1
15883.0,2,2,80.71,0
15885.0,93,1,163.15,0
15886.0,60,1,31.440000000000005,0
15888.0,80,1,104.5,0
15889.0,156,2,113.37,1
15891.0,226,1,88.3,1
15894.0,369,1,13.79,1
15895.0,149,1,141.32999999999998,1
15897.0,194,2,19.3,1
15898.0,1,3,161.49,0
15899.0,368,1,23.5,1
15900.0,23,1,81.32000000000001,0
15901.0,16,3,102.78999999999999,0
15903.0,9,6,549.96,0
15904.0,8,1,56.03,0
15906.0,19,7,338.82,0
15907.0,3,3,233.16,0
15909.0,173,1,19.799999999999997,1
15910.0,0,8,328.95,0
15912.0,178,2,83.14000000000001,1
15916.0,16,7,222.28,0
15917.0,247,1,67.35,1
15918.0,190,2,108.58,1
15919.0,19,2,147.07999999999998,0
15920.0,154,3,33.2,1
15921.0,172,1,26.09,1
15922.0,373,1,52.1,1
15923.0,372,1,36.35,1
15925.0,194,1,67.0,1
15930.0,67,1,128.58,0
15932.0,4,8,379.2,0
15933.0,21,3,224.5,0
15935.0,239,1,40.2,1
15937.0,64,1,71.1,0
15938.0,112,4,181.62,0
15939.0,134,8,1409.18,0
15940.0,311,1,35.8,1
15942.0,133,1,75.47999999999999,0
15944.0,276,1,114.5,1
15947.0,82,1,417.8,0
15948.0,8,2,222.0,0
15949.0,16,2,48.0,0
15950.0,31,4,433.36,0
15951.0,8,2,197.42,0
15952.0,33,4,72.81,0
15953.0,15,6,429.67,0
15955.0,24,10,596.95,0
15957.0,31,1,68.3,0
15958.0,74,1,9.95,0
15963.0,19,2,102.6,0
15965.0,17,3,148.28,0
15967.0,23,2,52.94,0
15969.0,2,3,168.0,0
15970.0,303,1,12.600000000000001,1
15971.0,52,6,301.5,0
15973.0,366,1,17.4,1
15974.0,39,7,621.03,0
15975.0,84,1,19.9,0
15976.0,165,2,102.28999999999999,1
15977.0,17,2,271.71,0
15978.0,77,1,430.7,0
15980.0,88,2,453.31,0
15981.0,24,5,621.0799999999999,0
15983.0,22,4,261.14,0
15984.0,2,7,506.67,0
15985.0,123,2,101.3,0
15986.0,30,1,40.68,0
15987.0,12,5,344.46000000000004,0
15988.0,19,1,8.08,0
15990.0,44,2,190.08,0
15993.0,8,6,525.01,0
15994.0,54,1,89.15,0
15996.0,88,6,126.83,0
15998.0,36,5,690.79,0
16000.0,2,3,7948.3,0
16003.0,29,5,531.67,0
16005.0,12,4,87.51,0
16006.0,211,1,8.25,1
16007.0,47,4,439.25,0
16008.0,23,3,89.0,0
16009.0,32,3,116.35000000000001,0
16010.0,245,3,49.89,1
16011.0,8,14,638.76,0
16012.0,35,3,222.62,0
16013.0,7,20,8627.92,0
16014.0,37,3,150.18,0
16015.0,3,3,129.12,0
16016.0,3,8,290.4,0
16017.0,47,1,27.259999999999998,0
16018.0,39,2,58.34,0
16019.0,46,9,865.63,0
16020.0,16,2,176.14,0
16022.0,260,1,107.43,1
16023.0,46,3,149.32,0
16024.0,12,1,45.78,0
16025.0,29,1,98.68,0
16026.0,43,1,50.0,0
16027.0,176,1,29.5,1
16029.0,59,31,16120.94,2
16030.0,309,1,91.3,1
16031.0,92,2,92.95,0
16033.0,5,19,1818.31,0
16034.0,208,2,68.39999999999999,1
16036.0,87,2,67.47,0
16037.0,269,2,126.2,1
16038.0,7,2,141.75,0
16040.0,65,3,272.54,0
16042.0,22,5,186.57,0
16043.0,37,4,171.74,0
16045.0,119,4,347.05,0
16049.0,40,3,203.36,0
16050.0,173,1,15.9,1
16052.0,54,1,63.33,0
16053.0,32,2,272.94,0
16054.0,145,1,105.79,1
16055.0,220,1,61.55,1
16056.0,45,1,123.71,0
16057.0,16,5,511.35,0
16059.0,65,6,231.9,0
16062.0,9,4,233.20000000000002,0
16063.0,260,1,62.730000000000004,1
16065.0,365,1,34.95,1
16066.0,16,4,200.76,0
16070.0,22,2,86.4,0
16071.0,44,1,37.650000000000006,0
16072.0,288,1,170.25,1
16076.0,3,9,486.41,0
16079.0,16,3,333.64,0
16080.0,81,2,84.9,0
16081.0,56,5,540.8199999999999,0
16083.0,100,2,206.06,0
16084.0,299,1,68.35,1
16085.0,23,5,168.78,0
16086.0,59,3,156.43,0
16091.0,198,1,36.3,1
16092.0,114,3,143.35,0
16094.0,11,4,177.55,0
16097.0,240,1,105.14999999999999,1
16098.0,87,5,279.57,0
16099.0,50,3,195.7,0
16101.0,70,1,211.52,0
16102.0,42,3,522.14,0
16103.0,79,5,441.74,0
16104.0,61,1,58.55,0
16105.0,248,1,45.0,1
16106.0,65,1,19.799999999999997,0
16107.0,28,4,500.1000000000001,0
16108.0,84,1,157.24,0
16109.0,218,2,104.63999999999999,1
16110.0,45,3,231.86,0
16112.0,143,3,63.03999999999999,1
16113.0,183,1,29.7,1
16114.0,170,1,35.400000000000006,1
16115.0,9,8,358.81,0
16116.0,211,1,181.95,1
16117.0,189,1,22.38,1
16119.0,8,2,112.5,0
16120.0,59,2,639.38,0
16121.0,57,2,252.48000000000002,0
16122.0,112,3,192.6,0
16123.0,51,1,95.25,0
16124.0,317,1,77.1,1
16125.0,367,1,88.2,1
16126.0,29,4,1337.31,0
16127.0,39,1,114.50999999999999,0
16128.0,17,5,328.13,0
16131.0,51,4,563.22,0
16133.0,3,27,3368.97,0
16134.0,21,2,98.4,0
16135.0,262,1,60.300000000000004,1
16136.0,59,3,174.26,0
16139.0,18,3,147.36,0
16140.0,65,2,82.4,0
16141.0,88,1,93.89,0
16142.0,249,1,97.74,1
16143.0,3,6,633.6600000000001,0
16145.0,8,10,670.5500000000001,0
16146.0,203,2,178.82,1
16147.0,133,1,109.92,0
16148.0,296,1,76.32000000000001,1
16149.0,4,2,27.6,0
16150.0,42,5,340.34999999999997,0
16152.0,268,1,608.6600000000001,1
16153.0,49,5,328.78000000000003,0
16156.0,24,7,559.5400000000001,0
16157.0,15,3,262.2,0
16159.0,281,1,35.4,1
16160.0,65,2,143.7,0
16161.0,1,19,1158.49,0
16164.0,17,2,61.74,0
16168.0,10,13,853.87,0
16169.0,8,4,351.41,0
16170.0,50,6,364.62,0
16172.0,95,4,294.41,0
16173.0,15,5,247.45000000000002,0
16174.0,126,3,257.54999999999995,0
16175.0,94,3,115.35,0
16177.0,50,1,34.9,0
16178.0,138,1,50.4,1
16179.0,60,1,29.64,0
16180.0,100,7,2223.26,0
16181.0,73,1,19.799999999999997,0
16182.0,72,3,1083.0,0
16183.0,67,1,29.85,0
16184.0,64,3,174.0,0
16185.0,16,2,63.0,0
16186.0,22,10,525.28,0
16187.0,51,13,1075.82,0
16188.0,44,4,201.59,0
16189.0,15,1,15.0,0
16191.0,2,11,1436.79,0
16193.0,236,1,34.8,1
16198.0,75,1,68.4,0
16200.0,4,2,268.18,0
16201.0,3,4,424.37,0
16202.0,360,1,130.45,1
16203.0,58,4,97.3,0
16204.0,23,1,92.29,0
16205.0,30,4,144.43,0
16206.0,54,4,69.22,0
16207.0,25,1,71.0,0
16208.0,44,2,86.55,0
16209.0,88,4,122.31,0
16210.0,1,11,927.11,0
16211.0,88,1,63.84,0
16212.0,19,2,122.8,0
16213.0,78,1,9.899999999999999,0
16214.0,252,2,174.32,1
16215.0,80,1,27.95,0
16216.0,267,1,24.96,1
16217.0,235,2,123.30000000000001,1
16218.0,29,7,727.26,0
16221.0,36,3,140.6,0
16222.0,318,1,258.05,1
16224.0,57,4,226.53,0
16225.0,44,5,212.16,0
16226.0,207,1,17.700000000000003,1
16227.0,225,1,19.919999999999998,1
16229.0,87,2,214.93,0
16230.0,189,2,53.10000000000001,1
16232.0,43,4,303.57,0
16233.0,71,2,91.74000000000001,0
16235.0,40,4,280.6,0
16236.0,78,1,44.76,0
16239.0,56,2,48.0,0
16240.0,24,2,703.03,0
16241.0,9,12,570.0500000000001,0
16242.0,8,7,763.24,0
16243.0,33,2,73.03,0
16244.0,211,2,263.63,1
16245.0,23,3,320.49,0
16247.0,170,1,8.5,1
16248.0,61,1,50.160000000000004,0
16249.0,52,4,337.91,0
16250.0,261,2,69.69,1
16253.0,66,2,817.0899999999999,0
16255.0,16,8,429.12,0
16256.0,266,1,191.04000000000002,1
16257.0,176,1,25.0,1
16258.0,45,5,874.89,0
16260.0,50,1,57.2,0
16261.0,17,4,188.1,0
16265.0,9,9,1092.97,0
16266.0,73,6,167.92000000000002,0
16268.0,71,2,178.92,0
16270.0,353,1,373.2,1
16271.0,15,4,309.26,0
16272.0,116,1,67.15,0
16274.0,373,1,51.3,1
16275.0,196,1,196.29999999999998,1
16276.0,176,1,45.0,1
16278.0,100,1,274.79,0
16279.0,21,3,460.93,0
16281.0,72,1,752.04,0
16282.0,339,1,64.6,1
16283.0,5,5,268.36,0
16284.0,31,2,169.07999999999998,0
16292.0,121,1,72.88,0
16293.0,21,8,440.40000000000003,0
16295.0,9,4,301.02,0
16297.0,268,1,33.300000000000004,1
16298.0,22,3,85.0,0
16303.0,25,3,716.42,0
16305.0,138,1,75.16,1
16306.0,296,3,59.42,1
16309.0,106,2,102.87,0
16311.0,17,2,118.19,0
16313.0,49,1,12.600000000000001,0
16315.0,330,1,27.04,1
16316.0,64,6,475.23,0
16317.0,119,3,453.92,0
16318.0,35,1,61.5,0
16319.0,217,1,142.8,1
16320.0,172,2,213.12,1
16321.0,72,2,103.35000000000001,0
16322.0,1,2,111.36999999999999,0
16324.0,128,2,65.82000000000001,0
16325.0,155,2,52.7,1
16326.0,5,14,731.69,0
16327.0,14,6,738.11,0
16330.0,17,1,28.880000000000003,0
16332.0,28,7,282.08,0
16333.0,7,11,7944.400000000001,0
16337.0,36,1,10.2,0
16338.0,157,1,9.899999999999999,1
16339.0,284,1,43.5,1
16340.0,107,1,69.33,0
16341.0,24,4,434.54,0
16343.0,16,2,95.8,0
16344.0,158,1,65.4,1
16345.0,44,1,61.900000000000006,0
16347.0,11,2,87.39,0
16348.0,32,7,347.27,0
16349.0,290,1,14.95,1
16350.0,64,3,253.7,0
16351.0,332,1,36.9,1
16352.0,17,2,137.76,0
16353.0,17,8,1038.63,0
16354.0,73,1,45.74,0
16356.0,197,2,11.45,1
16357.0,33,2,79.19999999999999,0
16358.0,1,4,444.07000000000005,0
16359.0,7,6,177.9,0
16360.0,4,6,819.08,0
16361.0,9,4,138.38,0
16362.0,32,4,97.68,0
16363.0,53,1,84.4,0
16364.0,11,2,200.34,0
16365.0,17,6,266.6,0
16366.0,18,1,98.5,0
16367.0,37,2,211.45,0
16368.0,2,2,58.32,0
16369.0,18,3,299.41,0
16370.0,82,4,266.39,0
16372.0,33,1,73.77,0
16374.0,66,2,116.36,0
16376.0,8,2,184.71,0
16378.0,247,3,93.5,1
16379.0,4,4,415.1,0
16380.0,61,1,411.77,0
16383.0,74,2,144.25,0
16384.0,263,1,28.6,1
16385.0,60,3,119.91,0
16386.0,28,2,84.45,0
16387.0,322,1,15.0,1
16389.0,78,3,192.0,0
16392.0,269,1,25.75,1
16393.0,2,13,662.99,0
16394.0,72,4,218.28,0
16395.0,60,5,292.93,0
16398.0,154,2,288.26,1
16399.0,19,2,68.16,0
16400.0,94,1,86.4,0
16401.0,1,10,955.2099999999999,0
16402.0,264,2,64.95,1
16403.0,312,1,85.4,1
16404.0,70,1,157.75,0
16405.0,302,2,161.65,1
16406.0,18,1,33.730000000000004,0
16407.0,12,8,396.59,0
16409.0,36,5,419.64000000000004,0
16411.0,19,2,58.72,0
16412.0,53,1,19.08,0
16413.0,56,1,106.0,0
16414.0,21,1,25.85,0
16415.0,44,1,46.400000000000006,0
16416.0,26,3,186.43,0
16418.0,44,3,111.1,0
16419.0,112,5,338.65,0
16422.0,17,36,6771.46,0
16423.0,24,1,62.58,0
16425.0,302,1,118.55,1
16426.0,2,10,449.45,0
16427.0,263,1,30.84,1
16430.0,57,1,25.0,0
16431.0,213,3,130.67000000000002,1
16432.0,64,1,65.4,0
16433.0,28,1,22.39,0
16434.0,29,7,239.78,0
16438.0,5,5,156.93,0
16440.0,7,5,856.37,0
16441.0,67,2,91.7,0
16442.0,1,3,112.96,0
16444.0,46,4,123.06,0
16445.0,33,1,44.97,0
16446.0,205,1,1.65,1
16447.0,135,1,41.400000000000006,0
16449.0,197,2,56.00000000000001,1
16450.0,149,1,41.5,1
16451.0,87,1,29.3,0
16455.0,63,7,477.9,0
16456.0,99,5,493.83,0
16457.0,218,1,128.72000000000003,1
16458.0,2,16,626.6,0
16460.0,28,3,118.19,0
16461.0,177,1,29.65,1
16463.0,21,4,318.73,0
16464.0,19,3,217.71,0
16466.0,33,7,310.37,0
16468.0,74,1,62.400000000000006,0
16469.0,23,4,134.89000000000001,0
16470.0,51,4,218.15,0
16471.0,274,1,93.7,1
16473.0,164,3,55.3,1
16474.0,7,6,385.11,0
16475.0,88,4,189.7,0
16477.0,63,7,602.87,0
16478.0,65,1,16.5,0
16479.0,10,2,61.36,0
16480.0,75,1,213.01,0
16482.0,15,1,32.13,0
16483.0,192,1,24.55,1
16484.0,173,2,69.8,1
16485.0,77,1,87.47,0
16488.0,33,3,126.94,0
16491.0,46,1,262.7,0
16493.0,79,3,268.21,0
16494.0,296,1,117.07,1
16495.0,3,2,152.8,0
16496.0,8,3,380.58,0
16497.0,49,6,795.84,0
16498.0,162,1,8.45,1
16499.0,364,1,69.0,1
16500.0,16,3,81.00000000000001,0
16503.0,106,4,304.0,0
16504.0,25,1,104.89,0
16505.0,31,1,119.52,0
16506.0,19,1,35.1,0
16509.0,296,1,36.8,1
16510.0,372,1,14.850000000000001,1
16511.0,21,3,199.89000000000001,0
16513.0,4,2,148.82999999999998,0
16515.0,52,5,222.67000000000002,0
16517.0,277,1,12.0,1
16518.0,61,2,185.9,0
16519.0,25,2,50.4,0
16520.0,186,3,147.21,1
16523.0,1,16,2322.05,0
16525.0,2,21,3344.06,0
16527.0,81,1,59.00000000000001,0
16528.0,3,1,56.28,0
16529.0,190,1,137.65,1
16531.0,22,7,231.28,0
16533.0,19,3,165.71,0
16535.0,5,1,257.85,0
16536.0,110,1,65.43,0
16539.0,2,2,156.75,0
16542.0,53,1,73.02000000000001,0
16546.0,290,2,145.2,1
16549.0,10,10,909.21,0
16550.0,108,5,526.8,0
16551.0,95,3,241.70000000000002,0
16552.0,242,2,104.92,1
16553.0,163,9,918.2,0
16554.0,42,2,223.37,0
16555.0,35,2,59.900000000000006,0
16556.0,66,7,689.84,0
16557.0,24,2,81.65,0
16558.0,0,18,1311.78,0
16560.0,26,2,131.73000000000002,0
16561.0,5,2,81.14,0
16563.0,53,1,44.7,0
16566.0,15,3,95.10000000000001,0
16567.0,194,2,151.92000000000002,1
16570.0,15,9,729.85,0
16571.0,26,3,304.62,0
16572.0,127,3,213.75,0
16573.0,84,2,143.5,0
16574.0,71,1,126.06,0
16581.0,182,1,10.5,1
16582.0,113,1,100.80000000000001,0
16583.0,373,1,50.4,1
16584.0,80,2,209.9,0
16586.0,248,1,18.0,1
16587.0,232,1,25.5,1
16589.0,71,2,101.9,0
16591.0,68,1,14.850000000000001,0
16592.0,4,11,719.22,0
16593.0,50,2,61.05,0
16594.0,75,1,40.95,0
16595.0,61,1,78.14,0
16596.0,15,2,97.35,0
16598.0,285,1,63.9,1
16600.0,4,5,179.07999999999998,0
16601.0,40,1,39.52,0
16602.0,36,1,34.8,0
16603.0,74,2,115.02,0
16607.0,17,11,750.9399999999999,0
16609.0,15,7,1258.21,0
16610.0,219,1,26.4,1
16612.0,32,4,172.60000000000002,0
16613.0,70,1,174.52,0
16614.0,182,1,30.9,1
16616.0,15,2,92.09,0
16617.0,235,1,53.1,1
16618.0,31,3,328.22,0
16619.0,263,1,48.85,1
16620.0,3,2,36.6,0
16621.0,147,3,41.25,1
16623.0,245,1,19.799999999999997,1
16624.0,80,2,158.63,0
16625.0,274,1,65.1,1
16626.0,0,11,631.82,0
16627.0,79,1,78.48,0
16628.0,29,5,548.9,0
16629.0,73,2,96.92,0
16633.0,17,5,591.71,0
16634.0,372,1,73.7,1
16637.0,32,4,221.26999999999998,0
16638.0,22,8,310.09,0
16639.0,31,2,269.4,0
16641.0,105,1,53.64,0
16642.0,4,2,145.56,0
16643.0,245,1,176.26,1
16644.0,177,2,113.0,1
16647.0,169,1,44.519999999999996,1
16648.0,42,1,15.239999999999998,0
16650.0,71,1,142.16,0
16652.0,58,4,1101.68,0
16653.0,16,2,345.74,0
16654.0,141,3,216.35,0
16655.0,17,6,848.1899999999999,0
16656.0,22,11,1906.84,0
16657.0,9,4,226.2,0
16658.0,368,1,0.85,1
16659.0,189,1,20.4,1
16660.0,16,2,161.48,0
16665.0,362,1,4.95,1
16666.0,19,1,16.95,0
16667.0,68,2,149.9,0
16668.0,15,4,80.03999999999999,0
16669.0,23,2,265.12,0
16670.0,16,10,971.0,0
16671.0,35,1,156.75,0
16672.0,35,13,1425.68,0
16674.0,54,2,80.38,0
16676.0,33,4,313.98,0
16678.0,2,11,680.26,0
16680.0,43,1,57.4,0
16681.0,205,3,266.70000000000005,1
16682.0,4,4,161.4,0
16684.0,4,18,12486.74,2
16685.0,61,2,35.07,0
16686.0,47,7,528.72,0
16688.0,10,3,192.64000000000001,0
16689.0,82,1,95.4,0
16690.0,72,2,30.0,0
16693.0,68,2,113.8,0
16696.0,213,2,119.10000000000001,1
16697.0,241,1,29.700000000000003,1
16698.0,226,2,1122.0,1
16700.0,8,11,680.17,0
16701.0,8,11,1153.32,0
16705.0,11,13,1680.09,0
16706.0,37,3,124.62,0
16708.0,45,1,95.28,0
16709.0,84,4,594.36,0
16710.0,19,10,504.16,0
16711.0,26,3,331.35,0
16712.0,18,9,712.3,0
16713.0,18,15,1754.18,0
16714.0,317,1,191.66,1
16715.0,78,1,20.84,0
16717.0,23,6,837.21,0
16718.0,369,1,171.41000000000003,1
16719.0,14,7,372.6,0
16720.0,26,1,12.64,0
16721.0,262,1,69.6,1
16722.0,17,13,1040.92,0
16723.0,91,2,260.27,0
16725.0,302,6,207.65,1
16726.0,26,5,213.09,0
16727.0,364,1,65.75,1
16728.0,46,4,210.37,0
16729.0,38,21,1586.81,0
16730.0,52,3,94.3,0
16732.0,31,1,96.52,0
16734.0,52,3,128.68,0
16735.0,78,4,256.05,0
16739.0,176,1,37.5,1
16743.0,29,7,521.66,0
16744.0,11,7,226.43,0
16745.0,86,17,1850.1000000000001,0
16746.0,4,17,1536.41,0
16747.0,37,2,177.51999999999998,0
16748.0,17,4,269.9,0
16750.0,44,4,131.92,0
16751.0,30,1,1368.0,0
16752.0,372,1,10.2,1
16753.0,58,1,56.0,0
16754.0,372,1,518.4,1
16755.0,114,3,329.56,0
16756.0,214,1,32.550000000000004,1
16757.0,318,1,58.35000000000001,1
16758.0,65,1,77.36,0
16759.0,7,2,109.8,0
16761.0,96,1,71.22,0
16762.0,19,3,240.35,0
16763.0,198,1,158.85,1
16764.0,3,13,597.23,0
16765.0,294,1,34.0,1
16766.0,273,2,125.1,1
16767.0,30,9,834.41,0
16768.0,47,3,60.5,0
16769.0,260,1,68.08000000000001,1
16770.0,57,4,155.67000000000002,0
16771.0,33,5,418.61,0
16773.0,57,1,53.45,0
16774.0,67,4,124.82,0
16775.0,10,11,299.78,0
16776.0,60,1,122.53,0
16777.0,80,2,68.2,0
16778.0,74,2,30.54,0
16779.0,2,22,1931.13,0
16780.0,100,2,117.97,0
16781.0,372,1,17.700000000000003,1
16782.0,17,11,549.86,0
16784.0,19,1,77.6,0
16788.0,123,2,115.2,0
16789.0,8,1,35.599999999999994,0
16790.0,3,6,378.27,0
16791.0,29,6,345.9,0
16793.0,57,1,81.14,0
16794.0,1,9,250.12,0
16795.0,365,1,30.54,1
16796.0,89,1,61.17999999999999,0
16800.0,11,1,266.85,0
16801.0,163,4,312.4,1
16803.0,65,1,57.48,0
16804.0,23,2,93.63000000000001,0
16805.0,173,2,92.97,1
16806.0,103,4,131.72,0
16807.0,142,3,168.36,0
16808.0,274,1,76.38,1
16809.0,23,5,210.37,0
16810.0,192,1,31.200000000000003,1
16811.0,17,1,16.5,0
16812.0,360,1,106.19999999999999,1
16813.0,8,10,359.24,0
16814.0,14,19,1080.88,0
16816.0,149,2,84.65,1
16817.0,2,7,174.78,0
16818.0,10,11,660.38,0
16820.0,95,1,137.6,0
16823.0,227,1,75.25,1
16824.0,15,2,69.96,0
16825.0,38,2,143.3,0
16826.0,51,1,8.2,0
16829.0,156,1,44.7,1
16830.0,38,1,89.80000000000001,0
16832.0,184,3,112.35,1
16833.0,1,2,96.80000000000001,0
16834.0,227,1,32.7,1
16835.0,128,2,35.650000000000006,0
16836.0,39,2,110.82000000000001,0
16837.0,31,10,770.07,0
16838.0,197,2,278.91,1
16839.0,8,27,2853.84,0
16841.0,137,5,282.46000000000004,0
16842.0,100,3,276.08,0
16843.0,42,12,2304.95,0
16846.0,50,1,15.0,0
16847.0,43,1,27.2,0
16848.0,52,1,82.6,0
16849.0,186,1,19.9,1
16850.0,333,1,113.92,1
16851.0,4,3,92.85,0
16852.0,176,1,6.6000000000000005,1
16855.0,23,2,60.45,0
16858.0,368,1,81.24000000000001,1
16859.0,144,2,173.74,1
16861.0,59,1,20.16,0
16863.0,31,2,44.519999999999996,0
16866.0,140,2,33.75,1
16869.0,22,4,142.76,0
16871.0,22,5,508.08000000000004,0
16872.0,77,2,212.4,0
16873.0,4,6,1495.3,0
16875.0,67,4,526.11,0
16877.0,12,6,208.18,0
16878.0,84,1,1.25,0
16880.0,30,7,217.74,0
16882.0,66,2,93.89,0
16883.0,187,2,45.8,1
16884.0,37,2,97.28,0
16885.0,15,3,76.73,0
16887.0,35,1,7.25,0
16889.0,194,3,392.65999999999997,1
16891.0,1,5,126.7,0
16892.0,1,4,66.95,0
16893.0,366,1,33.7,1
16895.0,64,1,47.04,0
16897.0,299,2,74.0,1
16898.0,26,3,162.0,0
16899.0,7,6,203.39,0
16900.0,16,3,188.35999999999999,0
16902.0,116,1,234.38,0
16903.0,29,1,124.88,0
16904.0,4,15,678.05,0
16905.0,5,7,653.1,0
16906.0,81,3,36.34,0
16907.0,29,5,185.82,0
16909.0,72,1,44.64,0
16910.0,4,8,275.9,0
16912.0,67,6,380.4,0
16914.0,36,1,81.25,0
16915.0,9,5,107.10000000000001,0
16916.0,23,2,115.3,0
16917.0,276,1,35.5,1
16918.0,63,4,179.84,0
16919.0,156,11,492.85,0
16921.0,61,1,27.189999999999998,0
16923.0,12,17,1363.49,0
16924.0,21,3,111.99,0
16926.0,371,1,25.5,1
16927.0,276,1,39.6,1
16928.0,80,14,726.95,0
16929.0,3,6,286.23,0
16930.0,26,2,32.65,0
16931.0,5,20,854.48,0
16932.0,53,1,20.8,0
16933.0,1,2,70.60000000000001,0
16934.0,54,2,255.38,0
16936.0,25,1,79.95,0
16938.0,179,3,276.0,1
16940.0,52,3,686.42,0
16942.0,12,8,400.90000000000003,0
16943.0,211,3,213.4,1
16945.0,21,16,932.15,0
16947.0,235,1,72.94,1
16948.0,138,3,245.18,0
16949.0,3,6,195.23000000000002,0
16950.0,56,3,152.78,0
16951.0,134,3,311.6,0
16952.0,109,2,32.45,0
16954.0,60,4,297.15,0
16955.0,184,3,69.51,1
16956.0,17,1,140.9,0
16957.0,281,1,94.80000000000001,1
16959.0,87,1,12.75,0
16960.0,38,3,123.09,0
16961.0,116,1,23.12,0
16963.0,187,1,17.700000000000003,1
16965.0,226,1,15.94,1
16966.0,197,1,183.59999999999997,1
16967.0,189,1,63.9,1
16968.0,4,2,61.64,0
16969.0,39,3,82.28999999999999,0
16971.0,38,1,14.58,0
16976.0,267,1,175.2,1
16978.0,77,1,40.4,0
16979.0,3,6,388.53999999999996,0
16980.0,255,2,415.0,1
16982.0,60,1,111.14,0
16983.0,12,7,437.36,0
16984.0,88,2,651.49,0
16985.0,17,7,1561.53,0
16986.0,30,1,83.2,0
16987.0,3,6,466.55,0
16989.0,63,3,266.95,0
16992.0,10,5,264.61,0
16996.0,121,4,342.3,0
16998.0,204,1,189.60000000000002,1
16999.0,74,1,15.0,0
17001.0,0,9,790.76,0
17002.0,85,2,217.25,0
17004.0,46,2,582.27,0
17006.0,4,3,136.92000000000002,0
17007.0,50,5,137.54,0
17010.0,18,1,54.6,0
17011.0,30,1,48.9,0
17014.0,8,3,168.20000000000002,0
17015.0,28,3,364.49,0
17017.0,2,15,1596.8999999999999,0
17018.0,325,1,67.5,1
17019.0,11,4,233.65,0
17026.0,369,1,10.2,1
17027.0,78,4,161.28,0
17029.0,236,1,358.0,1
17030.0,63,1,63.05,0
17031.0,11,2,102.15,0
17033.0,86,3,234.35999999999999,0
17034.0,16,2,74.32,0
17035.0,311,1,110.84,1
17037.0,87,1,278.4,0
17038.0,30,1,26.05,0
17040.0,137,1,30.450000000000003,1
17041.0,26,3,252.24,0
17042.0,2,4,193.86,0
17043.0,32,4,266.88,0
17044.0,25,1,204.0,0
17045.0,113,2,53.650000000000006,0
17046.0,157,1,151.56,1
17047.0,85,3,230.8,0
17048.0,117,3,230.32,0
17049.0,2,9,1375.89,0
17050.0,96,6,625.51,0
17051.0,194,1,77.95,1
17052.0,28,1,86.72,0
17053.0,130,1,127.08000000000001,0
17054.0,28,5,277.28,0
17058.0,81,3,272.61,0
17059.0,29,5,641.8100000000001,0
17060.0,266,1,17.700000000000003,1
17061.0,73,8,1108.3500000000001,0
17062.0,313,4,128.2,1
17063.0,21,5,165.75,0
17064.0,58,3,170.27,0
17068.0,12,19,994.5,0
17069.0,28,7,741.72,0
17070.0,114,1,111.48,0
17071.0,28,8,488.66,0
17073.0,17,4,325.94,0
17075.0,17,4,177.06,0
17076.0,36,1,143.39999999999998,0
17078.0,36,1,54.589999999999996,0
17079.0,78,1,118.80000000000001,0
17080.0,22,1,15.0,0
17081.0,25,2,69.34,0
17082.0,33,2,226.85,0
17083.0,109,3,209.46,0
17084.0,35,2,701.44,0
17085.0,123,5,259.78000000000003,0
17086.0,7,5,367.08,0
17088.0,28,4,459.51000000000005,0
17090.0,52,5,673.94,0
17091.0,2,7,683.16,0
17092.0,50,4,370.97,0
17095.0,22,3,202.65,0
17096.0,15,3,134.35000000000002,0
17097.0,2,6,168.39,0
17100.0,18,1,122.00999999999999,0
17101.0,29,3,298.1,0
17105.0,159,2,127.72,1
17107.0,33,5,2731.86,0
17109.0,29,4,241.61,0
17110.0,165,1,31.45,1
17111.0,47,1,35.19,0
17114.0,5,7,204.35,0
17115.0,8,3,158.5,0
17117.0,288,1,28.65,1
17118.0,317,1,39.96,1
17119.0,59,1,121.5,0
17120.0,233,1,58.5,1
17122.0,119,1,17.700000000000003,0
17123.0,161,1,39.599999999999994,1
17124.0,185,1,70.04,1
17125.0,50,1,41.68,0
17126.0,152,5,223.0,1
17128.0,334,1,62.3,1
17131.0,5,5,565.5699999999999,0
17133.0,15,3,373.1,0
17134.0,264,1,88.95,1
17135.0,16,5,210.61,0
17138.0,275,1,12.75,1
17139.0,15,11,2357.23,0
17140.0,247,1,97.58,1
17142.0,239,1,187.5,1
17144.0,1,2,156.85,0
17146.0,263,2,213.25,1
17147.0,22,4,333.46,0
17148.0,51,1,25.0,0
17152.0,194,2,61.3,1
17153.0,24,1,50.1,0
17154.0,75,1,114.48,0
17155.0,177,1,17.6,1
17157.0,7,2,63.18000000000001,0
17158.0,32,3,264.56,0
17159.0,21,3,287.09,0
17160.0,31,6,523.8,0
17162.0,28,9,403.29,0
17164.0,32,6,468.63,0
17165.0,284,1,35.8,1
17166.0,203,1,21.650000000000002,1
17169.0,57,2,172.85999999999999,0
17171.0,289,1,78.63,1
17172.0,78,1,28.08,0
17173.0,5,6,542.58,0
17174.0,217,1,10.4,1
17175.0,141,3,279.44,0
17176.0,201,1,148.95,1
17179.0,178,3,128.45999999999998,1
17180.0,56,3,142.37,0
17181.0,57,2,90.17000000000002,0
17183.0,7,5,585.53,0
17186.0,46,2,144.0,0
17187.0,226,1,61.5,1
17188.0,11,7,627.18,0
17189.0,106,2,65.23,0
17190.0,58,1,39.45,0
17191.0,28,7,397.86,0
17193.0,45,3,513.72,0
17194.0,360,1,49.870000000000005,1
17197.0,29,1,136.3,0
17198.0,23,3,72.3,0
17201.0,53,1,74.81,0
17203.0,35,6,583.18,0
17204.0,175,4,314.45000000000005,1
17205.0,53,1,112.68,0
17206.0,53,1,59.64,0
17211.0,26,8,482.05,0
17212.0,253,1,3.95,1
17213.0,40,7,622.23,0
17214.0,60,6,152.57,0
17217.0,234,1,15.9,1
17218.0,4,10,395.58,0
17219.0,31,1,17.49,0
17220.0,24,13,639.71,0
17221.0,7,2,68.43,0
17222.0,65,1,56.19,0
17223.0,310,2,92.74,1
17226.0,308,1,18.03,1
17227.0,18,6,201.75,0
17228.0,15,8,308.68,0
17229.0,96,2,94.89,0
17230.0,264,6,573.67,1
17231.0,12,10,662.0600000000001,0
17232.0,2,1,6.95,0
17233.0,35,1,20.41,0
17234.0,182,1,46.10000000000001,1
17235.0,25,2,154.49,0
17236.0,12,5,132.73000000000002,0
17237.0,11,2,78.95,0
17238.0,2,16,893.22,0
17239.0,312,1,54.99999999999999,1
17242.0,108,2,286.32,0
17243.0,1,24,1404.3500000000001,0
17244.0,53,1,91.24,0
17245.0,204,1,88.65,1
17247.0,15,1,29.25,0
17248.0,120,1,43.95,0
17250.0,3,2,72.88,0
17251.0,362,1,48.0,1
17252.0,116,2,75.5,0
17253.0,18,1,67.0,0
17254.0,4,2,79.76,0
17255.0,40,2,44.15,0
17256.0,312,1,84.25,1
17259.0,148,2,114.94,1
17262.0,227,2,666.1000000000001,1
17263.0,208,1,17.2,1
17265.0,138,2,97.38,0
17266.0,3,1,46.17,0
17267.0,127,1,29.08,0
17268.0,150,3,296.48,1
17272.0,46,3,534.61,0
17274.0,35,1,11.129999999999999,0
17277.0,227,2,183.98000000000002,1
17278.0,241,1,42.44,1
17279.0,57,1,52.65,0
17282.0,130,3,266.61,0
17284.0,60,6,309.8,0
17286.0,21,1,34.67,0
17287.0,26,7,208.65,0
17288.0,9,6,288.93,0
17289.0,31,3,175.8,0
17290.0,3,2,108.97,0
17293.0,8,9,502.4,0
17295.0,28,3,97.26,0
17297.0,17,1,14.07,0
17298.0,101,2,107.8,0
17299.0,89,3,167.09,0
17301.0,21,1,18.25,0
17302.0,14,5,180.5,0
17303.0,361,1,67.57,1
17306.0,10,13,2371.89,0
17309.0,95,1,12.600000000000001,0
17311.0,78,2,447.04,0
17312.0,155,2,267.75,1
17313.0,31,1,568.32,0
17314.0,24,8,497.53,0
17315.0,1,32,1375.65,0
17317.0,89,1,622.5,0
17320.0,100,3,332.03000000000003,0
17321.0,67,1,70.51,0
17323.0,19,6,198.22,0
17324.0,17,4,225.42000000000002,0
17325.0,280,1,44.0,1
17329.0,14,2,176.28,0
17333.0,85,1,113.22,0
17334.0,308,1,39.599999999999994,1
17337.0,211,3,425.91,1
17338.0,17,8,1339.4,0
17339.0,94,1,139.20000000000002,0
17340.0,29,11,3183.12,0
17341.0,156,2,215.13,1
17343.0,355,1,13.85,1
17344.0,46,1,12.55,0
17345.0,15,4,123.26,0
17346.0,3,15,603.3,0
17348.0,14,5,158.04,0
17349.0,179,1,13.75,1
17350.0,8,4,262.49,0
17351.0,36,2,40.9,0
17353.0,129,2,652.5,0
17354.0,50,1,567.45,0
17356.0,311,1,70.83,1
17357.0,24,2,28.8,0
17358.0,303,2,72.64,1
17359.0,11,1,10.280000000000001,0
17360.0,17,3,105.73,0
17361.0,49,2,55.800000000000004,0
17362.0,239,2,56.85,1
17364.0,0,11,928.21,0
17365.0,12,7,1075.94,0
17367.0,238,1,30.15,1
17368.0,23,6,201.85,0
17370.0,72,3,77.75999999999999,0
17371.0,17,3,151.12,0
17372.0,40,8,289.33,0
17373.0,40,4,99.89,0
17374.0,218,2,98.5,1
17375.0,199,3,86.93,1
17376.0,70,2,46.9,0
17377.0,23,18,906.49,0
17379.0,11,1,87.69,0
17381.0,24,19,5946.92,0
17382.0,65,1,50.400000000000006,0
17383.0,4,1,32.47,0
17384.0,19,1,18.22,0
17385.0,14,1,64.85,0
17386.0,7,2,246.82,0
17387.0,19,2,136.7,0
17388.0,77,2,382.85,0
17389.0,3,22,7077.82,0
17391.0,163,1,101.76,1
17392.0,306,2,89.34,1
17394.0,219,1,8.7,1
17396.0,39,3,595.25,0
17397.0,22,2,123.98,0
17398.0,114,3,149.84,0
17400.0,126,5,390.64,0
17402.0,4,8,874.7,0
17403.0,36,1,72.45,0
17404.0,4,10,8288.76,0
17405.0,1,3,200.36,0
17406.0,333,2,377.9,1
17409.0,184,1,271.2,1
17410.0,16,5,251.69,0
17411.0,12,3,160.5,0
17412.0,2,5,237.26,0
17414.0,184,1,194.4,1
17415.0,79,1,34.8,0
17416.0,29,7,1320.01,0
17418.0,42,2,143.55,0
17419.0,11,11,1071.16,0
17420.0,50,3,85.7,0
17422.0,16,6,384.94,0
17423.0,46,1,80.85,0
17425.0,60,1,229.54,0
17426.0,8,5,771.63,0
17427.0,71,1,30.0,0
17428.0,0,22,3472.33,0
17429.0,128,3,102.98,0
17430.0,32,1,35.400000000000006,0
17431.0,313,1,68.47,1
17432.0,18,2,80.36,0
17433.0,88,1,89.7,0
17434.0,2,6,337.65,0
17436.0,1,2,45.9,0
17438.0,253,1,56.25,1
17440.0,156,2,77.4,1
17442.0,36,6,457.74,0
17444.0,147,3,865.1100000000001,1
17446.0,176,2,26.400000000000002,1
17447.0,40,2,110.08,0
17449.0,2,7,485.2,0
17450.0,10,29,35937.159999999996,2
17451.0,1,5,298.7,0
17453.0,17,2,83.85,0
17454.0,233,3,71.84,1
17456.0,365,1,63.699999999999996,1
17457.0,126,2,63.15,0
17458.0,15,1,50.2,0
17459.0,43,2,124.05,0
17460.0,94,3,88.73,0
17461.0,22,3,149.79999999999998,0
17462.0,60,2,64.7,0
17463.0,49,3,226.25,0
17464.0,158,1,112.5,1
17466.0,10,2,120.89,0
17469.0,16,5,596.1,0
17470.0,44,5,350.26,0
17472.0,191,3,128.06,1
17475.0,79,1,29.88,0
17480.0,77,1,87.36,0
17481.0,3,4,223.96,0
17483.0,65,3,136.60000000000002,0
17486.0,261,1,42.2,1
17489.0,58,2,128.48,0
17490.0,0,7,372.78,0
17491.0,1,9,680.58,0
17492.0,248,1,93.81,1
17495.0,7,2,131.57,0
17496.0,358,1,59.400000000000006,1
17498.0,75,1,66.48,0
17499.0,289,1,107.89999999999999,1
17501.0,220,2,27.900000000000002,1
17502.0,29,1,15.0,0
17503.0,2,2,79.28,0
17504.0,206,6,639.26,1
17505.0,161,2,292.26,1
17506.0,75,1,19.8,0
17507.0,261,2,160.03,1
17508.0,280,1,142.4,1
17509.0,57,8,1252.49,0
17510.0,24,1,111.64,0
17511.0,2,27,14733.59,2
17512.0,28,7,674.0600000000001,0
17513.0,72,1,104.0,0
17514.0,128,1,18.740000000000002,0
17515.0,31,4,81.88,0
17516.0,15,4,167.37,0
17517.0,308,1,73.84,1
17519.0,17,6,303.38,0
17520.0,53,1,121.46,0
17521.0,29,3,102.34,0
17522.0,138,3,126.17,0
17523.0,11,2,78.34,0
17524.0,361,1,25.75,1
17525.0,359,1,55.800000000000004,1
17526.0,4,2,449.09999999999997,0
17527.0,53,4,234.02,0
17528.0,1,8,820.9300000000001,0
17530.0,1,8,491.59,0
17531.0,190,1,126.6,1
17534.0,53,1,39.599999999999994,0
17535.0,280,1,47.9,1
17536.0,177,1,25.5,1
17537.0,29,2,134.63,0
17540.0,24,2,193.3,0
17542.0,269,1,25.45,1
17545.0,43,3,89.28,0
17548.0,233,1,16.5,1
17549.0,23,1,75.78,0
17550.0,197,2,45.050000000000004,1
17551.0,359,1,72.8,1
17552.0,71,2,213.73,0
17554.0,1,5,749.33,0
17555.0,19,2,73.51,0
17556.0,205,1,24.900000000000002,1
17557.0,14,2,68.31,0
17560.0,155,3,60.42,1
17561.0,19,1,32.1,0
17562.0,14,6,239.46,0
17564.0,24,3,63.2,0
17566.0,8,2,262.11,0
17567.0,7,8,578.0,0
17569.0,332,1,61.65,1
17571.0,50,4,323.97,0
17572.0,238,2,43.8,1
17573.0,29,2,47.85,0
17574.0,242,1,42.6,1
17576.0,8,18,854.4,0
17578.0,218,1,63.3,1
17579.0,4,2,20.87,0
17580.0,312,2,56.14,1
17581.0,0,20,2266.82,0
17582.0,236,1,13.92,1
17584.0,7,2,455.8,0
17585.0,109,4,181.17000000000002,0
17588.0,100,3,565.9,0
17589.0,60,4,632.4300000000001,0
17590.0,2,3,387.40000000000003,0
17591.0,73,7,579.38,0
17593.0,3,5,702.34,0
17594.0,85,2,148.1,0
17595.0,12,2,85.23,0
17596.0,23,7,600.78,0
17597.0,213,1,509.68,1
17600.0,17,1,29.82,0
17601.0,239,1,7.5,1
17602.0,2,6,974.73,0
17603.0,78,1,52.379999999999995,0
17604.0,217,2,41.4,1
17608.0,33,1,26.380000000000003,0
17609.0,40,5,232.14,0
17611.0,30,13,774.43,0
17612.0,53,6,317.93,0
17613.0,22,13,972.32,0
17614.0,57,1,77.6,0
17615.0,203,2,31.650000000000002,1
17618.0,5,3,211.2,0
17619.0,312,1,40.08,1
17621.0,21,3,149.7,0
17623.0,32,1,79.60000000000001,0
17624.0,14,2,141.76,0
17625.0,18,4,358.62,0
17629.0,5,6,374.83,0
17630.0,169,2,44.849999999999994,1
17631.0,1,3,71.26,0
17633.0,31,4,251.08,0
17634.0,36,9,537.5600000000001,0
17636.0,19,1,27.9,0
17637.0,31,2,139.17000000000002,0
17639.0,276,1,7.7,1
17642.0,119,2,132.8,0
17644.0,1,9,556.7,0
17646.0,219,3,245.39000000000001,1
17648.0,60,3,320.7,0
17649.0,138,1,138.0,1
17650.0,21,1,109.97999999999999,0
17651.0,11,9,808.49,0
17652.0,25,12,831.96,0
17653.0,38,1,42.21,0
17654.0,277,1,18.3,1
17655.0,40,6,313.83,0
17656.0,73,4,296.56,0
17658.0,25,2,161.12,0
17659.0,17,9,643.01,0
17660.0,141,1,16.45,1
17663.0,25,4,215.52,0
17664.0,18,2,123.37,0
17666.0,65,1,157.01999999999998,0
17667.0,66,5,451.6,0
17668.0,1,1,30.0,0
17669.0,85,6,680.13,0
17670.0,227,1,60.6,1
17671.0,15,4,340.45000000000005,0
17672.0,50,2,491.88,0
17673.0,1,6,265.17,0
17674.0,74,2,119.46000000000001,0
17675.0,1,28,4170.18,0
17676.0,4,4,243.14,0
17677.0,1,21,3410.66,0
17678.0,263,1,40.35,1
17679.0,52,2,480.8,0
17680.0,23,1,15.0,0
17682.0,10,6,523.32,0
17684.0,43,1,77.25,0
17685.0,16,6,463.95000000000005,0
17686.0,7,6,1117.04,0
17690.0,30,13,895.4,0
17691.0,358,2,45.9,1
17692.0,226,3,177.1,1
17693.0,137,1,35.34,1
17694.0,141,1,54.36000000000001,1
17695.0,171,1,59.160000000000004,1
17696.0,38,6,474.66,0
17697.0,236,1,115.35,1
17698.0,260,1,30.0,1
17700.0,16,4,471.40999999999997,0
17701.0,252,1,115.0,1
17702.0,30,4,549.53,0
17703.0,35,3,216.38,0
17704.0,168,2,194.4,1
17705.0,3,8,362.82,0
17706.0,4,12,2018.49,0
17708.0,187,2,62.0,1
17709.0,169,1,59.85,1
17711.0,10,2,129.86,0
17712.0,44,1,120.61,0
17715.0,200,1,326.4,1
17716.0,29,9,1065.5,0
17718.0,232,1,38.1,1
17719.0,37,15,1262.2,0
17720.0,26,3,252.82,0
17722.0,96,4,414.71,0
17723.0,200,2,444.50000000000006,1
17724.0,71,1,17.700000000000003,0
17725.0,16,11,578.4,0
17727.0,15,1,192.3,0
17728.0,3,3,493.05,0
17730.0,3,13,1192.03,0
17731.0,79,4,226.2,0
17732.0,372,1,36.9,1
17733.0,38,1,23.759999999999998,0
17734.0,53,3,172.71,0
17735.0,2,19,2378.88,0
17736.0,42,2,94.91,0
17737.0,58,1,40.2,0
17738.0,19,4,502.05,0
17739.0,11,6,498.14,0
17742.0,113,2,104.34,0
17744.0,3,6,543.36,0
17746.0,240,1,12.600000000000001,1
17749.0,178,2,132.7,1
17750.0,5,9,319.14,0
17754.0,0,4,378.01,0
17757.0,1,29,1158.1200000000001,0
17758.0,19,8,669.4300000000001,0
17759.0,17,2,146.69,0
17760.0,21,2,75.05,0
17761.0,32,1,40.5,0
17764.0,50,2,176.68,0
17765.0,210,2,27.75,1
17767.0,15,1,84.14,0
17768.0,8,3,268.48,0
17769.0,12,10,1009.1700000000001,0
17770.0,198,5,263.75,1
17771.0,56,2,75.74,0
17772.0,10,2,33.9,0
17774.0,96,4,291.62,0
17775.0,254,1,20.4,1
17777.0,24,3,114.45,0
17779.0,21,3,165.68,0
17781.0,159,1,3.79,1
17783.0,72,2,37.2,0
17785.0,53,1,13.2,0
17786.0,85,2,64.16,0
17787.0,152,4,274.1,1
17789.0,281,1,34.3,1
17790.0,26,13,379.11,0
17791.0,29,1,43.35,0
17793.0,25,1,62.99,0
17795.0,179,2,78.89999999999999,1
17796.0,40,4,212.65,0
17797.0,22,3,199.95999999999998,0
17799.0,22,10,621.2,0
17800.0,37,8,250.7,0
17802.0,82,3,101.47999999999999,0
17805.0,73,1,11.97,0
17806.0,11,1,98.57,0
17809.0,16,8,1244.2,0
17811.0,4,35,1817.17,0
17812.0,12,4,133.68,0
17813.0,14,4,426.84,0
17816.0,65,3,10.629999999999999,0
17817.0,4,3,233.58999999999997,0
17819.0,182,5,329.21,1
17824.0,51,1,51.839999999999996,0
17827.0,5,5,420.52,0
17828.0,22,2,239.32,0
17829.0,298,1,214.26000000000002,1
17830.0,1,3,131.5,0
17831.0,33,1,17.700000000000003,0
17832.0,49,1,30.54,0
17835.0,2,3,105.09,0
17836.0,47,1,57.9,0
17837.0,42,8,520.8,0
17838.0,26,5,547.78,0
17839.0,42,1,77.36,0
17841.0,1,113,7909.8,2
17843.0,303,1,35.9,1
17844.0,106,1,6.64,0
17848.0,81,4,154.29999999999998,0
17849.0,263,3,163.05,1
17850.0,372,24,1033.14,1
17852.0,11,2,20.55,0
17854.0,227,1,32.15,1
17855.0,372,1,80.16,1
17856.0,1,2,211.20000000000002,0
17857.0,4,8,6089.42,0
17858.0,5,10,878.45,0
17859.0,304,1,5.21,1
17860.0,368,1,29.63,1
17861.0,3,7,383.92,0
17863.0,59,6,827.1,0
17864.0,12,3,117.57,0
17865.0,30,16,1572.67,0
17866.0,142,1,75.0,1
17867.0,30,3,270.1,0
17869.0,107,4,109.48,0
17870.0,2,9,202.06,0
17871.0,204,1,22.36,1
17873.0,80,5,476.83000000000004,0
17874.0,185,5,128.27,1
17878.0,43,1,108.85,0
17880.0,364,1,131.6,1
17883.0,3,4,113.67,0
17884.0,3,4,125.18,0
17885.0,12,1,36.14,0
17886.0,31,3,146.51,0
17887.0,129,1,17.95,0
17888.0,59,6,118.86,0
17889.0,212,2,54.27,1
17890.0,322,2,120.9,1
17891.0,162,1,20.16,1
17892.0,155,1,23.7,1
17893.0,225,1,16.03,1
17894.0,71,8,175.41,0
17895.0,44,1,47.61,0
17896.0,23,1,152.64000000000001,0
17897.0,172,3,91.62,1
17898.0,85,2,14.25,0
17899.0,159,1,37.93,1
17901.0,29,1,19.93,0
17904.0,21,1,54.05,0
17905.0,71,4,212.54999999999998,0
17906.0,247,1,16.95,1
17908.0,373,1,58.83,1
17911.0,9,1,62.2,0
17912.0,359,3,49.23,1
17913.0,58,2,32.35,0
17914.0,3,1,34.660000000000004,0
17917.0,45,3,59.059999999999995,0
17919.0,88,1,457.86,0
17920.0,4,17,887.68,0
17921.0,64,4,176.08,0
17924.0,11,4,722.04,0
17925.0,372,1,244.08,1
17926.0,133,2,93.46000000000001,0
17928.0,246,1,13.7,1
17929.0,11,1,136.0,0
17930.0,71,3,208.8,0
17931.0,134,2,146.46,0
17932.0,29,3,332.35,0
17934.0,58,1,142.2,0
17935.0,141,1,16.15,1
17936.0,5,1,49.1,0
17937.0,8,5,1350.48,0
17939.0,159,1,14.489999999999998,1
17940.0,128,2,149.04000000000002,0
17941.0,130,1,165.36,0
17946.0,233,1,28.43,1
17949.0,17,10,7671.45,0
17950.0,72,3,128.92000000000002,0
17951.0,39,2,298.8,0
17954.0,5,11,401.07,0
17955.0,218,2,94.75,1
17957.0,66,1,10.05,0
17958.0,116,1,15.0,0
17960.0,171,1,14.290000000000001,1
17961.0,81,20,345.17,0
17962.0,142,1,2.9899999999999998,1
17964.0,31,2,82.94999999999999,0
17965.0,37,12,507.0,0
17966.0,37,5,248.8,0
17967.0,371,1,4.41,1
17968.0,373,1,64.72,1
17969.0,166,1,7.5,1
17970.0,211,1,134.56,1
17972.0,241,1,30.5,1
17973.0,51,1,15.719999999999999,0
17974.0,24,3,167.29,0
17975.0,15,12,767.24,0
17976.0,372,1,47.75,1
17977.0,29,1,144.5,0
17978.0,365,1,176.51999999999998,1
17979.0,35,3,122.73,0
17980.0,165,3,317.95,1
17984.0,145,1,34.129999999999995,1
17985.0,22,1,206.6,0
17987.0,185,1,59.25,1
17988.0,11,4,41.19,0
17990.0,236,2,132.6,1
17991.0,225,2,90.4,1
17994.0,121,3,155.84,0
17997.0,79,7,351.15999999999997,0
17999.0,37,2,94.26,0
18001.0,12,2,79.03,0
18004.0,362,1,27.9,1
18005.0,3,2,92.91,0
18006.0,23,1,41.0,0
18008.0,203,3,448.79,1
18009.0,235,1,79.91,1
18010.0,256,1,34.4,1
18011.0,373,1,15.15,1
18013.0,155,1,34.769999999999996,1
18014.0,28,1,47.51,0
18015.0,4,1,23.01,0
18016.0,32,5,443.26,0
18018.0,108,2,23.07,0
18022.0,35,1,92.98,0
18024.0,152,1,179.93,1
18027.0,98,1,41.78,0
18030.0,4,2,193.45,0
18033.0,65,1,15.93,0
18034.0,21,2,36.86,0
18035.0,35,3,177.65,0
18036.0,32,3,60.75,0
18037.0,253,2,3.9,1
18040.0,19,2,93.4,0
18041.0,11,20,801.58,0
18042.0,53,1,14.850000000000001,0
18043.0,24,3,115.22,0
18044.0,4,9,474.59,0
18045.0,45,1,45.15,0
18048.0,203,1,3.8,1
18050.0,359,1,38.4,1
18053.0,70,1,65.8,0
18055.0,7,10,1628.69,0
18056.0,288,1,150.95,1
18058.0,9,1,88.55999999999999,0
18059.0,23,3,96.22,0
18061.0,21,7,514.71,0
18062.0,220,2,109.44999999999999,1
18064.0,133,2,383.0,0
18065.0,5,13,625.24,0
18066.0,75,1,91.5,0
18067.0,40,1,114.99,0
18069.0,26,5,400.49,0
18071.0,257,2,66.2,1
18072.0,185,1,83.64,1
18073.0,114,6,517.8,0
18074.0,373,1,75.7,1
18075.0,23,9,552.59,0
18077.0,8,11,482.79,0
18078.0,217,2,69.6,1
18079.0,45,3,645.42,0
18081.0,36,1,50.28,0
18082.0,25,1,135.05,0
18084.0,16,1,90.47999999999999,0
18085.0,330,2,47.9,1
18088.0,61,1,37.7,0
18092.0,38,7,2228.16,0
18093.0,120,2,305.40000000000003,0
18094.0,81,6,985.4399999999999,0
18095.0,332,1,181.8,1
18096.0,11,3,188.7,0
18097.0,7,6,672.1800000000001,0
18099.0,127,1,13.55,0
18101.0,11,2,72.97,0
18102.0,1,41,45059.94,2
18104.0,37,1,92.82000000000001,0
18105.0,37,1,13.7,0
18106.0,329,1,68.1,1
18108.0,254,1,33.5,1
18109.0,1,23,1366.36,0
18110.0,19,1,46.7,0
18112.0,12,2,49.3,0
18113.0,368,1,76.32000000000001,1
18114.0,290,1,69.9,1
18116.0,67,7,250.77,0
18117.0,25,1,61.83,0
18118.0,10,26,1081.73,0
18119.0,367,1,83.44,1
18120.0,214,1,19.3,1
18121.0,154,1,122.05,1
18122.0,8,6,281.96999999999997,0
18123.0,24,2,152.82,0
18125.0,29,4,249.34,0
18126.0,60,1,38.269999999999996,0
18127.0,19,2,43.21,0
18129.0,243,1,2.1,1
18130.0,15,3,292.84000000000003,0
18135.0,80,2,4.15,0
18136.0,63,3,136.58,0
18138.0,295,1,23.4,1
18139.0,17,6,1470.12,0
18142.0,157,1,495.6,1
18143.0,116,2,203.78,0
18144.0,30,5,608.15,0
18145.0,12,4,635.56,0
18149.0,215,2,224.2,1
18150.0,32,3,88.8,0
18151.0,134,2,129.63,0
18154.0,3,2,67.84,0
18155.0,75,3,119.89,0
18156.0,12,2,119.55,0
18158.0,9,2,108.1,0
18159.0,301,1,82.65,1
18160.0,57,2,82.9,0
18161.0,15,5,441.51,0
18164.0,37,1,81.88,0
18165.0,177,1,9.719999999999999,1
18167.0,23,2,141.9,0
18168.0,176,6,240.6,1
18169.0,60,1,35.400000000000006,0
18170.0,33,3,87.43,0
18171.0,58,4,258.55,0
18172.0,30,12,1421.58,0
18173.0,86,4,376.34,0
18176.0,358,1,182.3,1
18177.0,31,5,303.45,0
18178.0,128,4,276.08,0
18179.0,9,5,346.61,0
18180.0,4,6,298.97,0
18181.0,24,1,30.900000000000002,0
18183.0,227,2,194.10000000000002,1
18185.0,249,1,136.2,1
18188.0,15,2,360.96,0
18189.0,77,2,242.39999999999998,0
18190.0,330,1,71.6,1
18192.0,71,1,226.37,0
18193.0,165,1,16.919999999999998,1
18194.0,82,1,204.0,0
18196.0,95,2,205.39,0
18198.0,4,11,582.66,0
18200.0,106,1,30.28,0
18202.0,199,3,292.6,1
18203.0,157,1,15.9,1
18204.0,71,3,310.24,0
18205.0,36,2,134.8,0
18210.0,1,6,480.83000000000004,0
18211.0,25,4,177.79,0
18212.0,326,1,45.949999999999996,1
18213.0,236,1,65.98,1
18215.0,89,1,87.94,0
18216.0,31,1,72.75,0
18217.0,29,2,63.620000000000005,0
18218.0,281,1,84.26,1
18219.0,2,10,569.57,0
18220.0,226,1,152.64000000000001,1
18221.0,64,4,236.86,0
18222.0,92,1,47.849999999999994,0
18223.0,4,12,1005.95,0
18224.0,263,1,49.0,1
18225.0,3,11,1164.5,0
18226.0,44,11,1232.61,0
18227.0,217,1,15.0,1
18228.0,56,2,177.70000000000002,0
18229.0,11,17,1336.34,0
18230.0,9,6,727.84,0
18231.0,192,4,423.68,1
18232.0,81,3,181.23000000000002,0
18235.0,71,3,495.12,0
18236.0,29,5,237.95000000000002,0
18237.0,2,5,227.03,0
18239.0,218,5,427.78,1
18241.0,9,12,398.96000000000004,0
18242.0,72,3,299.06,0
18245.0,7,7,528.96,0
18246.0,233,1,203.4,1
18248.0,122,2,58.35,0
18249.0,17,1,9.959999999999999,0
18250.0,310,1,27.599999999999998,1
18251.0,87,1,806.4,0
18252.0,50,2,160.16,0
18255.0,89,1,20.0,0
18257.0,39,7,427.41,0
18259.0,24,2,165.60000000000002,0
18260.0,172,6,586.59,1
18261.0,95,1,29.999999999999996,0
18262.0,140,1,41.7,1
18263.0,25,3,295.64,0
18265.0,72,2,221.8,0
18270.0,266,1,43.4,1
18272.0,2,6,720.11,0
18273.0,2,1,51.0,0
18274.0,30,1,15.0,0
18276.0,43,1,116.7,0
18277.0,58,1,13.3,0
18278.0,73,1,109.4,0
18280.0,277,1,52.75,1
18281.0,180,1,33.45,1
18282.0,7,2,67.85,0
18283.0,3,14,325.54,0
18287.0,58,2,364.96,0
